order_item_id,order_id,product_id,quantity,unit_price,line_total
1,1,86,2,4408.42,8816.84
2,1,52,1,135.24,135.24
3,1,15,2,3340.19,6680.38
4,2,87,2,2247.1,4494.2
5,3,51,3,2982.71,8948.13
6,3,9,3,1767.23,5301.69
7,3,66,1,4848.08,4848.08
8,3,88,1,3097.22,3097.22
9,4,85,2,749.04,1498.08
10,4,51,1,2982.71,2982.71
11,5,62,2,786.89,1573.78
12,5,31,3,3981.19,11943.57
13,5,64,3,4059.31,12177.93
14,6,10,2,600.83,1201.66
15,7,15,1,3340.19,3340.19
16,7,8,2,3818.16,7636.32
17,8,76,1,435.75,435.75
18,8,12,1,3675.69,3675.69
19,9,32,2,1985.36,3970.72
20,9,22,1,3454.61,3454.61
21,9,83,2,145.65,291.3
22,10,30,3,4319.4,12958.2
23,10,4,3,2993.41,8980.23
24,10,19,2,3538.92,7077.84
25,10,71,1,2172.74,2172.74
26,11,39,1,848.91,848.91
27,11,14,3,2929.03,8787.09
28,11,70,2,4639.94,9279.88
29,12,14,2,2929.03,5858.06
30,12,69,3,1956.97,5870.91
31,12,58,2,1836.06,3672.12
32,12,79,2,2154.2,4308.4
33,13,9,2,1767.23,3534.46
34,14,4,3,2993.41,8980.23
35,15,43,3,519.7,1559.1
36,15,74,3,380.11,1140.33
37,15,72,3,858.5,2575.5
38,15,89,3,3372.53,10117.59
39,15,44,3,4892.12,14676.36
40,16,77,3,2078.5,6235.5
41,17,98,3,2803.23,8409.69
42,18,58,2,1836.06,3672.12
43,18,46,2,1398.78,2797.56
44,18,68,3,4336.79,13010.37
45,18,31,2,3981.19,7962.38
46,19,99,3,648.18,1944.54
47,19,2,2,1299.97,2599.94
48,19,86,3,4408.42,13225.26
49,19,20,3,3084.74,9254.22
50,20,41,2,4652.58,9305.16
51,20,55,3,1149.76,3449.28
52,20,93,1,1097.63,1097.63
53,21,26,3,800.07,2400.21
54,21,40,3,3034.83,9104.49
55,21,34,3,3433.39,10300.17
56,21,16,2,4291.06,8582.12
57,22,99,3,648.18,1944.54
58,22,36,2,2230.35,4460.7
59,23,59,3,3399.49,10198.47
60,23,11,3,4252.72,12758.16
61,23,35,3,3866.13,11598.39
62,24,80,3,4680.06,14040.18
63,24,30,2,4319.4,8638.8
64,25,26,1,800.07,800.07
65,25,40,1,3034.83,3034.83
66,26,11,1,4252.72,4252.72
67,26,49,2,2246.69,4493.38
68,26,63,2,1324.05,2648.1
69,26,34,3,3433.39,10300.17
70,26,44,3,4892.12,14676.36
71,27,30,2,4319.4,8638.8
72,27,33,2,2692.66,5385.32
73,27,31,1,3981.19,3981.19
74,27,90,1,4700.76,4700.76
75,28,81,2,1269.56,2539.12
76,29,13,2,486.12,972.24
77,29,54,1,447.2,447.2
78,29,21,3,900.67,2702.01
79,29,46,1,1398.78,1398.78
80,29,14,1,2929.03,2929.03
81,30,14,3,2929.03,8787.09
82,30,73,3,2937.98,8813.94
83,30,8,3,3818.16,11454.48
84,30,94,3,2576.5,7729.5
85,31,20,3,3084.74,9254.22
86,31,53,3,1221.81,3665.43
87,31,79,3,2154.2,6462.6
88,31,48,2,3593.45,7186.9
89,32,90,3,4700.76,14102.28
90,32,68,2,4336.79,8673.58
91,33,27,3,3760.37,11281.11
92,33,43,2,519.7,1039.4
93,34,9,2,1767.23,3534.46
94,34,7,2,1180.16,2360.32
95,35,25,2,1141.87,2283.74
96,35,64,2,4059.31,8118.62
97,36,87,1,2247.1,2247.1
98,37,95,3,552.26,1656.78
99,37,73,1,2937.98,2937.98
100,38,66,3,4848.08,14544.24
101,38,59,2,3399.49,6798.98
102,38,84,2,458.98,917.96
103,39,63,2,1324.05,2648.1
104,39,34,3,3433.39,10300.17
105,39,35,3,3866.13,11598.39
106,39,62,1,786.89,786.89
107,40,48,2,3593.45,7186.9
108,41,1,3,3233.19,9699.57
109,41,27,3,3760.37,11281.11
110,41,49,3,2246.69,6740.07
111,41,41,3,4652.58,13957.74
112,42,96,1,316.03,316.03
113,42,64,2,4059.31,8118.62
114,42,34,2,3433.39,6866.78
115,42,68,2,4336.79,8673.58
116,43,95,3,552.26,1656.78
117,43,9,1,1767.23,1767.23
118,43,10,2,600.83,1201.66
119,43,47,1,4825.38,4825.38
120,44,91,3,4459.59,13378.77
121,44,31,3,3981.19,11943.57
122,44,39,3,848.91,2546.73
123,44,58,1,1836.06,1836.06
124,45,47,2,4825.38,9650.76
125,45,1,1,3233.19,3233.19
126,46,83,1,145.65,145.65
127,46,56,2,1290.69,2581.38
128,46,1,2,3233.19,6466.38
129,47,21,2,900.67,1801.34
130,47,100,2,2773.39,5546.78
131,47,3,2,3415.83,6831.66
132,47,84,1,458.98,458.98
133,48,49,1,2246.69,2246.69
134,48,68,2,4336.79,8673.58
135,48,2,1,1299.97,1299.97
136,48,41,3,4652.58,13957.74
137,48,74,1,380.11,380.11
138,49,10,1,600.83,600.83
139,50,37,1,4862.25,4862.25
140,50,52,1,135.24,135.24
141,50,6,1,2850.1,2850.1
142,50,64,2,4059.31,8118.62
143,50,9,3,1767.23,5301.69
144,51,35,2,3866.13,7732.26
145,51,78,3,2936.7,8810.1
146,52,58,3,1836.06,5508.18
147,52,54,3,447.2,1341.6
148,53,74,2,380.11,760.22
149,53,45,1,729.12,729.12
150,54,82,3,2340.4,7021.2
151,54,27,3,3760.37,11281.11
152,54,72,2,858.5,1717.0
153,55,38,1,4365.54,4365.54
154,55,84,3,458.98,1376.94
155,56,78,1,2936.7,2936.7
156,56,70,3,4639.94,13919.82
157,57,93,1,1097.63,1097.63
158,57,4,3,2993.41,8980.23
159,57,40,1,3034.83,3034.83
160,57,77,2,2078.5,4157.0
161,57,51,3,2982.71,8948.13
162,58,93,3,1097.63,3292.89
163,59,72,2,858.5,1717.0
164,59,37,1,4862.25,4862.25
165,59,40,2,3034.83,6069.66
166,59,88,2,3097.22,6194.44
167,60,57,3,1033.01,3099.03
168,60,80,1,4680.06,4680.06
169,60,25,2,1141.87,2283.74
170,60,88,1,3097.22,3097.22
171,61,38,3,4365.54,13096.62
172,61,20,3,3084.74,9254.22
173,61,21,2,900.67,1801.34
174,62,66,2,4848.08,9696.16
175,62,72,2,858.5,1717.0
176,62,100,1,2773.39,2773.39
177,62,7,1,1180.16,1180.16
178,62,45,2,729.12,1458.24
179,63,92,3,1434.51,4303.53
180,63,15,3,3340.19,10020.57
181,63,21,3,900.67,2702.01
182,63,65,2,347.88,695.76
183,64,92,1,1434.51,1434.51
184,64,93,2,1097.63,2195.26
185,64,45,1,729.12,729.12
186,65,98,2,2803.23,5606.46
187,65,97,3,3221.86,9665.58
188,65,74,3,380.11,1140.33
189,66,70,1,4639.94,4639.94
190,66,68,1,4336.79,4336.79
191,66,86,1,4408.42,4408.42
192,66,46,3,1398.78,4196.34
193,66,78,2,2936.7,5873.4
194,67,41,3,4652.58,13957.74
195,67,6,2,2850.1,5700.2
196,68,52,1,135.24,135.24
197,68,46,1,1398.78,1398.78
198,68,48,2,3593.45,7186.9
199,68,13,1,486.12,486.12
200,69,77,3,2078.5,6235.5
201,69,94,3,2576.5,7729.5
202,69,79,2,2154.2,4308.4
203,70,92,2,1434.51,2869.02
204,70,54,3,447.2,1341.6
205,70,3,3,3415.83,10247.49
206,71,29,2,2596.68,5193.36
207,71,36,2,2230.35,4460.7
208,71,26,2,800.07,1600.14
209,71,80,1,4680.06,4680.06
210,72,45,1,729.12,729.12
211,72,18,3,897.01,2691.03
212,72,67,3,914.92,2744.76
213,73,58,3,1836.06,5508.18
214,73,12,2,3675.69,7351.38
215,74,85,3,749.04,2247.12
216,74,42,2,1273.32,2546.64
217,74,19,1,3538.92,3538.92
218,74,7,1,1180.16,1180.16
219,74,81,2,1269.56,2539.12
220,75,8,1,3818.16,3818.16
221,75,56,3,1290.69,3872.07
222,75,73,3,2937.98,8813.94
223,76,55,3,1149.76,3449.28
224,77,42,3,1273.32,3819.96
225,77,52,2,135.24,270.48
226,78,87,2,2247.1,4494.2
227,78,36,2,2230.35,4460.7
228,78,14,2,2929.03,5858.06
229,78,46,2,1398.78,2797.56
230,78,67,2,914.92,1829.84
231,79,21,2,900.67,1801.34
232,79,91,1,4459.59,4459.59
233,79,42,1,1273.32,1273.32
234,80,76,3,435.75,1307.25
235,80,80,3,4680.06,14040.18
236,80,13,1,486.12,486.12
237,80,6,1,2850.1,2850.1
238,80,70,1,4639.94,4639.94
239,81,58,1,1836.06,1836.06
240,82,52,3,135.24,405.72
241,82,64,3,4059.31,12177.93
242,82,16,3,4291.06,12873.18
243,82,1,1,3233.19,3233.19
244,83,84,2,458.98,917.96
245,83,97,3,3221.86,9665.58
246,83,41,2,4652.58,9305.16
247,83,71,2,2172.74,4345.48
248,84,65,3,347.88,1043.64
249,84,92,1,1434.51,1434.51
250,84,25,1,1141.87,1141.87
251,84,13,3,486.12,1458.36
252,84,55,1,1149.76,1149.76
253,85,71,1,2172.74,2172.74
254,85,53,1,1221.81,1221.81
255,86,7,2,1180.16,2360.32
256,87,39,2,848.91,1697.82
257,87,10,1,600.83,600.83
258,87,90,1,4700.76,4700.76
259,87,99,2,648.18,1296.36
260,88,9,1,1767.23,1767.23
261,88,49,3,2246.69,6740.07
262,88,50,1,1314.74,1314.74
263,88,76,2,435.75,871.5
264,89,35,2,3866.13,7732.26
265,89,74,1,380.11,380.11
266,90,85,2,749.04,1498.08
267,90,42,1,1273.32,1273.32
268,91,46,3,1398.78,4196.34
269,91,91,3,4459.59,13378.77
270,91,14,3,2929.03,8787.09
271,92,58,3,1836.06,5508.18
272,92,22,2,3454.61,6909.22
273,92,14,3,2929.03,8787.09
274,92,94,2,2576.5,5153.0
275,93,23,2,1222.34,2444.68
276,93,42,1,1273.32,1273.32
277,93,82,3,2340.4,7021.2
278,93,84,1,458.98,458.98
279,94,45,2,729.12,1458.24
280,94,89,1,3372.53,3372.53
281,94,46,1,1398.78,1398.78
282,94,24,1,2065.71,2065.71
283,94,85,3,749.04,2247.12
284,95,86,3,4408.42,13225.26
285,96,95,2,552.26,1104.52
286,96,85,3,749.04,2247.12
287,97,59,1,3399.49,3399.49
288,97,67,3,914.92,2744.76
289,97,12,2,3675.69,7351.38
290,98,39,2,848.91,1697.82
291,99,31,3,3981.19,11943.57
292,99,69,1,1956.97,1956.97
293,99,32,1,1985.36,1985.36
294,100,95,2,552.26,1104.52
295,100,71,3,2172.74,6518.22
296,100,54,2,447.2,894.4
297,100,53,3,1221.81,3665.43
298,101,84,2,458.98,917.96
299,101,55,2,1149.76,2299.52
300,101,28,1,1873.78,1873.78
301,102,99,3,648.18,1944.54
302,103,13,1,486.12,486.12
303,104,23,3,1222.34,3667.02
304,104,64,2,4059.31,8118.62
305,104,26,1,800.07,800.07
306,104,100,1,2773.39,2773.39
307,105,34,2,3433.39,6866.78
308,105,75,3,378.71,1136.13
309,105,91,2,4459.59,8919.18
310,106,94,1,2576.5,2576.5
311,106,61,3,1318.42,3955.26
312,106,48,1,3593.45,3593.45
313,106,22,2,3454.61,6909.22
314,106,93,3,1097.63,3292.89
315,107,66,1,4848.08,4848.08
316,108,39,3,848.91,2546.73
317,109,12,3,3675.69,11027.07
318,109,72,3,858.5,2575.5
319,109,13,2,486.12,972.24
320,110,89,1,3372.53,3372.53
321,110,41,2,4652.58,9305.16
322,110,17,3,1462.07,4386.21
323,110,92,1,1434.51,1434.51
324,111,91,3,4459.59,13378.77
325,111,43,3,519.7,1559.1
326,111,55,1,1149.76,1149.76
327,111,27,1,3760.37,3760.37
328,111,69,2,1956.97,3913.94
329,112,19,2,3538.92,7077.84
330,112,39,1,848.91,848.91
331,112,66,2,4848.08,9696.16
332,112,89,3,3372.53,10117.59
333,112,44,2,4892.12,9784.24
334,113,22,1,3454.61,3454.61
335,113,6,2,2850.1,5700.2
336,113,21,3,900.67,2702.01
337,113,92,2,1434.51,2869.02
338,114,23,2,1222.34,2444.68
339,114,58,2,1836.06,3672.12
340,114,37,2,4862.25,9724.5
341,114,11,1,4252.72,4252.72
342,114,2,3,1299.97,3899.91
343,115,48,2,3593.45,7186.9
344,115,82,1,2340.4,2340.4
345,116,31,2,3981.19,7962.38
346,116,89,3,3372.53,10117.59
347,116,20,3,3084.74,9254.22
348,116,65,1,347.88,347.88
349,117,33,3,2692.66,8077.98
350,117,20,3,3084.74,9254.22
351,118,79,1,2154.2,2154.2
352,118,67,3,914.92,2744.76
353,118,1,2,3233.19,6466.38
354,118,36,1,2230.35,2230.35
355,119,69,1,1956.97,1956.97
356,119,44,2,4892.12,9784.24
357,120,46,3,1398.78,4196.34
358,120,38,1,4365.54,4365.54
359,120,83,2,145.65,291.3
360,120,80,3,4680.06,14040.18
361,121,54,3,447.2,1341.6
362,121,77,3,2078.5,6235.5
363,121,67,2,914.92,1829.84
364,122,54,1,447.2,447.2
365,123,64,1,4059.31,4059.31
366,123,21,3,900.67,2702.01
367,123,95,1,552.26,552.26
368,124,12,2,3675.69,7351.38
369,125,80,1,4680.06,4680.06
370,126,35,2,3866.13,7732.26
371,126,68,2,4336.79,8673.58
372,126,22,2,3454.61,6909.22
373,127,25,3,1141.87,3425.61
374,127,18,3,897.01,2691.03
375,127,58,1,1836.06,1836.06
376,127,38,1,4365.54,4365.54
377,128,66,3,4848.08,14544.24
378,128,48,3,3593.45,10780.35
379,128,86,1,4408.42,4408.42
380,128,43,2,519.7,1039.4
381,129,84,3,458.98,1376.94
382,129,70,2,4639.94,9279.88
383,129,43,2,519.7,1039.4
384,129,81,2,1269.56,2539.12
385,130,75,2,378.71,757.42
386,130,15,3,3340.19,10020.57
387,130,40,3,3034.83,9104.49
388,130,14,1,2929.03,2929.03
389,131,63,3,1324.05,3972.15
390,131,6,2,2850.1,5700.2
391,131,41,3,4652.58,13957.74
392,132,84,2,458.98,917.96
393,132,42,1,1273.32,1273.32
394,132,16,2,4291.06,8582.12
395,132,15,2,3340.19,6680.38
396,133,84,2,458.98,917.96
397,133,65,3,347.88,1043.64
398,133,77,2,2078.5,4157.0
399,133,29,3,2596.68,7790.04
400,133,47,2,4825.38,9650.76
401,134,81,2,1269.56,2539.12
402,134,41,1,4652.58,4652.58
403,134,85,3,749.04,2247.12
404,134,73,3,2937.98,8813.94
405,135,96,2,316.03,632.06
406,135,42,1,1273.32,1273.32
407,135,37,3,4862.25,14586.75
408,135,38,2,4365.54,8731.08
409,136,100,2,2773.39,5546.78
410,136,74,3,380.11,1140.33
411,136,71,3,2172.74,6518.22
412,136,26,3,800.07,2400.21
413,136,87,3,2247.1,6741.3
414,137,22,2,3454.61,6909.22
415,138,87,3,2247.1,6741.3
416,138,45,1,729.12,729.12
417,138,98,1,2803.23,2803.23
418,139,15,1,3340.19,3340.19
419,139,64,1,4059.31,4059.31
420,139,5,1,1171.33,1171.33
421,139,32,3,1985.36,5956.08
422,140,87,1,2247.1,2247.1
423,140,15,2,3340.19,6680.38
424,140,74,2,380.11,760.22
425,141,73,1,2937.98,2937.98
426,141,13,2,486.12,972.24
427,141,36,1,2230.35,2230.35
428,142,51,3,2982.71,8948.13
429,142,7,3,1180.16,3540.48
430,143,98,2,2803.23,5606.46
431,143,58,1,1836.06,1836.06
432,143,86,2,4408.42,8816.84
433,143,56,1,1290.69,1290.69
434,143,62,2,786.89,1573.78
435,144,70,3,4639.94,13919.82
436,144,3,3,3415.83,10247.49
437,144,46,3,1398.78,4196.34
438,145,15,1,3340.19,3340.19
439,145,93,3,1097.63,3292.89
440,145,76,1,435.75,435.75
441,146,92,2,1434.51,2869.02
442,146,98,3,2803.23,8409.69
443,146,86,1,4408.42,4408.42
444,146,62,3,786.89,2360.67
445,146,47,1,4825.38,4825.38
446,147,17,3,1462.07,4386.21
447,147,90,2,4700.76,9401.52
448,147,83,1,145.65,145.65
449,148,29,2,2596.68,5193.36
450,149,60,3,397.0,1191.0
451,149,2,1,1299.97,1299.97
452,150,98,2,2803.23,5606.46
453,150,86,3,4408.42,13225.26
454,150,59,3,3399.49,10198.47
455,150,81,3,1269.56,3808.68
456,150,48,1,3593.45,3593.45
457,151,63,3,1324.05,3972.15
458,151,89,2,3372.53,6745.06
459,151,30,2,4319.4,8638.8
460,151,9,1,1767.23,1767.23
461,152,75,2,378.71,757.42
462,152,44,1,4892.12,4892.12
463,152,54,2,447.2,894.4
464,152,80,1,4680.06,4680.06
465,153,52,1,135.24,135.24
466,153,42,2,1273.32,2546.64
467,153,64,2,4059.31,8118.62
468,154,70,1,4639.94,4639.94
469,154,37,3,4862.25,14586.75
470,154,72,1,858.5,858.5
471,154,73,3,2937.98,8813.94
472,155,91,1,4459.59,4459.59
473,156,75,3,378.71,1136.13
474,156,93,1,1097.63,1097.63
475,157,44,1,4892.12,4892.12
476,157,43,3,519.7,1559.1
477,157,11,1,4252.72,4252.72
478,157,70,1,4639.94,4639.94
479,157,90,2,4700.76,9401.52
480,158,86,1,4408.42,4408.42
481,158,67,2,914.92,1829.84
482,158,66,1,4848.08,4848.08
483,158,23,1,1222.34,1222.34
484,158,50,3,1314.74,3944.22
485,159,86,3,4408.42,13225.26
486,160,39,1,848.91,848.91
487,160,55,3,1149.76,3449.28
488,160,20,2,3084.74,6169.48
489,161,62,1,786.89,786.89
490,162,36,2,2230.35,4460.7
491,163,98,3,2803.23,8409.69
492,163,77,1,2078.5,2078.5
493,163,42,2,1273.32,2546.64
494,163,17,3,1462.07,4386.21
495,163,20,1,3084.74,3084.74
496,164,16,2,4291.06,8582.12
497,164,70,2,4639.94,9279.88
498,164,54,3,447.2,1341.6
499,164,8,1,3818.16,3818.16
500,164,94,1,2576.5,2576.5
501,165,74,3,380.11,1140.33
502,165,6,1,2850.1,2850.1
503,165,48,2,3593.45,7186.9
504,165,35,3,3866.13,11598.39
505,166,95,2,552.26,1104.52
506,167,37,2,4862.25,9724.5
507,167,3,3,3415.83,10247.49
508,168,6,2,2850.1,5700.2
509,168,93,3,1097.63,3292.89
510,168,88,3,3097.22,9291.66
511,169,39,2,848.91,1697.82
512,169,42,1,1273.32,1273.32
513,169,32,3,1985.36,5956.08
514,169,45,1,729.12,729.12
515,169,85,3,749.04,2247.12
516,170,24,3,2065.71,6197.13
517,170,75,1,378.71,378.71
518,170,5,2,1171.33,2342.66
519,170,45,2,729.12,1458.24
520,170,40,1,3034.83,3034.83
521,171,78,2,2936.7,5873.4
522,171,48,2,3593.45,7186.9
523,171,2,3,1299.97,3899.91
524,171,56,1,1290.69,1290.69
525,172,14,2,2929.03,5858.06
526,172,69,1,1956.97,1956.97
527,172,55,3,1149.76,3449.28
528,173,52,1,135.24,135.24
529,174,60,1,397.0,397.0
530,174,76,3,435.75,1307.25
531,174,30,1,4319.4,4319.4
532,175,27,2,3760.37,7520.74
533,175,94,3,2576.5,7729.5
534,175,54,1,447.2,447.2
535,175,53,2,1221.81,2443.62
536,175,30,2,4319.4,8638.8
537,176,24,3,2065.71,6197.13
538,176,12,1,3675.69,3675.69
539,176,84,2,458.98,917.96
540,176,8,3,3818.16,11454.48
541,177,63,3,1324.05,3972.15
542,177,88,1,3097.22,3097.22
543,177,77,1,2078.5,2078.5
544,177,37,3,4862.25,14586.75
545,177,1,2,3233.19,6466.38
546,178,41,3,4652.58,13957.74
547,178,60,2,397.0,794.0
548,178,33,1,2692.66,2692.66
549,179,69,3,1956.97,5870.91
550,179,2,3,1299.97,3899.91
551,179,45,3,729.12,2187.36
552,179,75,3,378.71,1136.13
553,180,31,3,3981.19,11943.57
554,180,83,3,145.65,436.95
555,180,75,2,378.71,757.42
556,180,97,1,3221.86,3221.86
557,180,26,1,800.07,800.07
558,181,32,2,1985.36,3970.72
559,181,58,2,1836.06,3672.12
560,181,63,1,1324.05,1324.05
561,182,100,3,2773.39,8320.17
562,182,51,2,2982.71,5965.42
563,182,20,1,3084.74,3084.74
564,182,74,1,380.11,380.11
565,182,48,3,3593.45,10780.35
566,183,34,3,3433.39,10300.17
567,184,33,2,2692.66,5385.32
568,184,13,2,486.12,972.24
569,184,99,1,648.18,648.18
570,184,51,2,2982.71,5965.42
571,185,41,3,4652.58,13957.74
572,185,32,1,1985.36,1985.36
573,185,77,1,2078.5,2078.5
574,185,50,1,1314.74,1314.74
575,185,76,1,435.75,435.75
576,186,20,2,3084.74,6169.48
577,187,90,3,4700.76,14102.28
578,187,73,2,2937.98,5875.96
579,187,9,2,1767.23,3534.46
580,187,79,2,2154.2,4308.4
581,188,20,2,3084.74,6169.48
582,189,94,2,2576.5,5153.0
583,189,21,3,900.67,2702.01
584,189,95,3,552.26,1656.78
585,189,82,2,2340.4,4680.8
586,189,14,1,2929.03,2929.03
587,190,50,1,1314.74,1314.74
588,190,36,1,2230.35,2230.35
589,190,54,1,447.2,447.2
590,190,4,2,2993.41,5986.82
591,190,38,1,4365.54,4365.54
592,191,16,2,4291.06,8582.12
593,191,44,1,4892.12,4892.12
594,191,35,1,3866.13,3866.13
595,192,94,1,2576.5,2576.5
596,192,96,2,316.03,632.06
597,193,83,3,145.65,436.95
598,193,51,3,2982.71,8948.13
599,193,52,2,135.24,270.48
600,193,99,1,648.18,648.18
601,193,30,2,4319.4,8638.8
602,194,93,1,1097.63,1097.63
603,194,10,2,600.83,1201.66
604,194,53,3,1221.81,3665.43
605,194,98,2,2803.23,5606.46
606,195,83,2,145.65,291.3
607,195,34,1,3433.39,3433.39
608,195,70,2,4639.94,9279.88
609,195,22,1,3454.61,3454.61
610,196,24,2,2065.71,4131.42
611,196,88,3,3097.22,9291.66
612,196,59,2,3399.49,6798.98
613,196,44,1,4892.12,4892.12
614,196,29,2,2596.68,5193.36
615,197,49,2,2246.69,4493.38
616,197,81,3,1269.56,3808.68
617,197,26,1,800.07,800.07
618,197,55,2,1149.76,2299.52
619,197,69,2,1956.97,3913.94
620,198,67,1,914.92,914.92
621,198,55,3,1149.76,3449.28
622,199,81,1,1269.56,1269.56
623,199,51,2,2982.71,5965.42
624,199,92,2,1434.51,2869.02
625,199,96,3,316.03,948.09
626,199,54,3,447.2,1341.6
627,200,10,2,600.83,1201.66
628,200,97,1,3221.86,3221.86
629,201,43,1,519.7,519.7
630,202,7,3,1180.16,3540.48
631,202,95,2,552.26,1104.52
632,202,17,3,1462.07,4386.21
633,202,47,3,4825.38,14476.14
634,202,83,3,145.65,436.95
635,203,22,3,3454.61,10363.83
636,203,83,2,145.65,291.3
637,203,59,1,3399.49,3399.49
638,204,3,3,3415.83,10247.49
639,204,53,2,1221.81,2443.62
640,204,85,2,749.04,1498.08
641,204,18,3,897.01,2691.03
642,205,79,2,2154.2,4308.4
643,206,71,2,2172.74,4345.48
644,207,25,3,1141.87,3425.61
645,208,74,3,380.11,1140.33
646,208,24,3,2065.71,6197.13
647,208,28,3,1873.78,5621.34
648,208,25,1,1141.87,1141.87
649,209,32,3,1985.36,5956.08
650,209,68,1,4336.79,4336.79
651,209,93,2,1097.63,2195.26
652,209,42,3,1273.32,3819.96
653,209,35,2,3866.13,7732.26
654,210,78,2,2936.7,5873.4
655,211,19,3,3538.92,10616.76
656,211,68,1,4336.79,4336.79
657,211,6,3,2850.1,8550.3
658,212,45,3,729.12,2187.36
659,212,21,2,900.67,1801.34
660,213,21,1,900.67,900.67
661,213,19,2,3538.92,7077.84
662,213,38,2,4365.54,8731.08
663,213,42,2,1273.32,2546.64
664,213,24,2,2065.71,4131.42
665,214,16,1,4291.06,4291.06
666,214,23,3,1222.34,3667.02
667,214,87,3,2247.1,6741.3
668,214,25,2,1141.87,2283.74
669,214,59,1,3399.49,3399.49
670,215,27,2,3760.37,7520.74
671,215,81,2,1269.56,2539.12
672,215,75,3,378.71,1136.13
673,215,2,3,1299.97,3899.91
674,216,14,1,2929.03,2929.03
675,216,97,3,3221.86,9665.58
676,216,66,3,4848.08,14544.24
677,217,38,3,4365.54,13096.62
678,217,26,3,800.07,2400.21
679,217,32,3,1985.36,5956.08
680,218,3,2,3415.83,6831.66
681,219,95,1,552.26,552.26
682,219,70,3,4639.94,13919.82
683,219,62,3,786.89,2360.67
684,220,79,3,2154.2,6462.6
685,221,76,1,435.75,435.75
686,221,21,2,900.67,1801.34
687,221,61,2,1318.42,2636.84
688,222,86,2,4408.42,8816.84
689,222,46,1,1398.78,1398.78
690,222,53,1,1221.81,1221.81
691,223,41,1,4652.58,4652.58
692,223,20,3,3084.74,9254.22
693,223,81,3,1269.56,3808.68
694,224,67,3,914.92,2744.76
695,224,69,1,1956.97,1956.97
696,224,17,3,1462.07,4386.21
697,225,87,3,2247.1,6741.3
698,225,51,3,2982.71,8948.13
699,226,91,2,4459.59,8919.18
700,227,9,2,1767.23,3534.46
701,227,97,3,3221.86,9665.58
702,228,70,1,4639.94,4639.94
703,228,38,3,4365.54,13096.62
704,228,37,1,4862.25,4862.25
705,228,79,2,2154.2,4308.4
706,229,28,2,1873.78,3747.56
707,229,29,3,2596.68,7790.04
708,230,34,2,3433.39,6866.78
709,230,51,2,2982.71,5965.42
710,230,45,3,729.12,2187.36
711,230,42,3,1273.32,3819.96
712,231,95,3,552.26,1656.78
713,231,81,1,1269.56,1269.56
714,232,22,2,3454.61,6909.22
715,232,53,3,1221.81,3665.43
716,232,25,1,1141.87,1141.87
717,232,56,3,1290.69,3872.07
718,233,44,1,4892.12,4892.12
719,233,3,1,3415.83,3415.83
720,233,38,2,4365.54,8731.08
721,234,1,2,3233.19,6466.38
722,234,54,1,447.2,447.2
723,235,73,1,2937.98,2937.98
724,235,82,2,2340.4,4680.8
725,235,69,1,1956.97,1956.97
726,236,40,2,3034.83,6069.66
727,236,89,1,3372.53,3372.53
728,237,18,1,897.01,897.01
729,237,97,3,3221.86,9665.58
730,237,53,3,1221.81,3665.43
731,238,100,1,2773.39,2773.39
732,238,94,2,2576.5,5153.0
733,239,76,3,435.75,1307.25
734,239,42,2,1273.32,2546.64
735,240,42,1,1273.32,1273.32
736,241,85,3,749.04,2247.12
737,241,68,3,4336.79,13010.37
738,242,26,2,800.07,1600.14
739,243,48,1,3593.45,3593.45
740,244,33,2,2692.66,5385.32
741,244,7,1,1180.16,1180.16
742,244,93,1,1097.63,1097.63
743,244,59,2,3399.49,6798.98
744,244,86,3,4408.42,13225.26
745,245,84,3,458.98,1376.94
746,245,72,1,858.5,858.5
747,245,30,3,4319.4,12958.2
748,245,76,1,435.75,435.75
749,245,62,2,786.89,1573.78
750,246,17,1,1462.07,1462.07
751,246,57,3,1033.01,3099.03
752,246,36,2,2230.35,4460.7
753,247,84,3,458.98,1376.94
754,248,63,3,1324.05,3972.15
755,248,37,3,4862.25,14586.75
756,248,52,3,135.24,405.72
757,248,76,3,435.75,1307.25
758,248,56,1,1290.69,1290.69
759,249,39,3,848.91,2546.73
760,250,81,3,1269.56,3808.68
761,250,57,1,1033.01,1033.01
762,250,10,2,600.83,1201.66
763,251,58,3,1836.06,5508.18
764,252,6,3,2850.1,8550.3
765,252,73,2,2937.98,5875.96
766,252,5,3,1171.33,3513.99
767,253,15,3,3340.19,10020.57
768,253,30,2,4319.4,8638.8
769,253,59,3,3399.49,10198.47
770,253,91,1,4459.59,4459.59
771,254,96,1,316.03,316.03
772,254,76,2,435.75,871.5
773,254,8,1,3818.16,3818.16
774,254,46,1,1398.78,1398.78
775,255,37,2,4862.25,9724.5
776,255,47,3,4825.38,14476.14
777,255,12,2,3675.69,7351.38
778,256,34,3,3433.39,10300.17
779,257,96,3,316.03,948.09
780,258,9,2,1767.23,3534.46
781,258,98,2,2803.23,5606.46
782,258,71,3,2172.74,6518.22
783,259,25,2,1141.87,2283.74
784,259,58,1,1836.06,1836.06
785,259,27,2,3760.37,7520.74
786,259,89,3,3372.53,10117.59
787,260,1,2,3233.19,6466.38
788,260,66,1,4848.08,4848.08
789,260,69,3,1956.97,5870.91
790,260,13,2,486.12,972.24
791,260,8,1,3818.16,3818.16
792,261,85,3,749.04,2247.12
793,261,3,2,3415.83,6831.66
794,262,34,3,3433.39,10300.17
795,262,9,2,1767.23,3534.46
796,262,25,2,1141.87,2283.74
797,263,19,1,3538.92,3538.92
798,263,83,3,145.65,436.95
799,263,7,2,1180.16,2360.32
800,263,89,2,3372.53,6745.06
801,264,2,3,1299.97,3899.91
802,264,8,2,3818.16,7636.32
803,264,34,2,3433.39,6866.78
804,265,66,1,4848.08,4848.08
805,266,100,3,2773.39,8320.17
806,266,68,3,4336.79,13010.37
807,266,85,3,749.04,2247.12
808,267,10,3,600.83,1802.49
809,267,85,3,749.04,2247.12
810,268,92,1,1434.51,1434.51
811,269,93,3,1097.63,3292.89
812,269,28,1,1873.78,1873.78
813,269,100,3,2773.39,8320.17
814,269,47,1,4825.38,4825.38
815,270,85,2,749.04,1498.08
816,270,96,2,316.03,632.06
817,270,34,1,3433.39,3433.39
818,271,62,2,786.89,1573.78
819,271,64,2,4059.31,8118.62
820,271,56,3,1290.69,3872.07
821,272,68,1,4336.79,4336.79
822,273,32,3,1985.36,5956.08
823,273,47,1,4825.38,4825.38
824,273,21,2,900.67,1801.34
825,273,10,2,600.83,1201.66
826,274,50,2,1314.74,2629.48
827,274,14,3,2929.03,8787.09
828,274,99,2,648.18,1296.36
829,274,92,1,1434.51,1434.51
830,274,6,1,2850.1,2850.1
831,275,34,1,3433.39,3433.39
832,275,31,3,3981.19,11943.57
833,275,38,2,4365.54,8731.08
834,275,55,1,1149.76,1149.76
835,276,5,3,1171.33,3513.99
836,276,90,2,4700.76,9401.52
837,276,15,3,3340.19,10020.57
838,277,79,2,2154.2,4308.4
839,277,44,1,4892.12,4892.12
840,277,14,3,2929.03,8787.09
841,278,91,2,4459.59,8919.18
842,278,78,3,2936.7,8810.1
843,279,19,1,3538.92,3538.92
844,279,67,1,914.92,914.92
845,280,64,3,4059.31,12177.93
846,280,73,2,2937.98,5875.96
847,280,7,2,1180.16,2360.32
848,280,29,3,2596.68,7790.04
849,280,34,1,3433.39,3433.39
850,281,99,2,648.18,1296.36
851,282,21,3,900.67,2702.01
852,282,90,2,4700.76,9401.52
853,282,44,2,4892.12,9784.24
854,282,17,3,1462.07,4386.21
855,283,77,3,2078.5,6235.5
856,283,20,1,3084.74,3084.74
857,283,57,2,1033.01,2066.02
858,284,62,1,786.89,786.89
859,284,52,3,135.24,405.72
860,284,38,3,4365.54,13096.62
861,285,17,2,1462.07,2924.14
862,285,78,3,2936.7,8810.1
863,286,35,1,3866.13,3866.13
864,286,79,2,2154.2,4308.4
865,286,6,1,2850.1,2850.1
866,286,32,1,1985.36,1985.36
867,286,51,2,2982.71,5965.42
868,287,84,2,458.98,917.96
869,287,96,1,316.03,316.03
870,287,99,2,648.18,1296.36
871,287,51,1,2982.71,2982.71
872,287,95,3,552.26,1656.78
873,288,85,3,749.04,2247.12
874,288,29,3,2596.68,7790.04
875,288,48,1,3593.45,3593.45
876,289,24,3,2065.71,6197.13
877,289,78,1,2936.7,2936.7
878,289,88,1,3097.22,3097.22
879,289,54,3,447.2,1341.6
880,289,6,3,2850.1,8550.3
881,290,60,1,397.0,397.0
882,290,5,1,1171.33,1171.33
883,290,36,1,2230.35,2230.35
884,290,75,1,378.71,378.71
885,290,13,3,486.12,1458.36
886,291,44,3,4892.12,14676.36
887,291,50,2,1314.74,2629.48
888,292,99,3,648.18,1944.54
889,292,46,3,1398.78,4196.34
890,292,71,2,2172.74,4345.48
891,292,81,3,1269.56,3808.68
892,293,85,2,749.04,1498.08
893,293,89,2,3372.53,6745.06
894,293,43,1,519.7,519.7
895,293,51,3,2982.71,8948.13
896,294,29,2,2596.68,5193.36
897,294,51,2,2982.71,5965.42
898,294,57,1,1033.01,1033.01
899,294,17,2,1462.07,2924.14
900,295,9,3,1767.23,5301.69
901,295,63,2,1324.05,2648.1
902,295,88,2,3097.22,6194.44
903,296,79,3,2154.2,6462.6
904,296,60,1,397.0,397.0
905,296,64,2,4059.31,8118.62
906,296,6,1,2850.1,2850.1
907,296,71,2,2172.74,4345.48
908,297,91,1,4459.59,4459.59
909,297,58,1,1836.06,1836.06
910,298,65,3,347.88,1043.64
911,298,100,2,2773.39,5546.78
912,298,99,1,648.18,648.18
913,298,86,1,4408.42,4408.42
914,299,68,1,4336.79,4336.79
915,299,100,1,2773.39,2773.39
916,299,70,2,4639.94,9279.88
917,300,35,2,3866.13,7732.26
918,300,65,1,347.88,347.88
919,300,39,1,848.91,848.91
920,301,75,1,378.71,378.71
921,301,13,3,486.12,1458.36
922,302,67,2,914.92,1829.84
923,302,17,3,1462.07,4386.21
924,302,5,3,1171.33,3513.99
925,303,1,1,3233.19,3233.19
926,303,52,1,135.24,135.24
927,303,90,2,4700.76,9401.52
928,303,58,1,1836.06,1836.06
929,303,17,2,1462.07,2924.14
930,304,81,1,1269.56,1269.56
931,304,65,2,347.88,695.76
932,304,33,1,2692.66,2692.66
933,305,67,3,914.92,2744.76
934,305,21,2,900.67,1801.34
935,305,29,1,2596.68,2596.68
936,306,25,2,1141.87,2283.74
937,306,11,3,4252.72,12758.16
938,306,67,3,914.92,2744.76
939,306,15,3,3340.19,10020.57
940,306,40,1,3034.83,3034.83
941,307,56,2,1290.69,2581.38
942,307,1,2,3233.19,6466.38
943,307,12,3,3675.69,11027.07
944,307,44,2,4892.12,9784.24
945,308,61,2,1318.42,2636.84
946,308,71,3,2172.74,6518.22
947,308,42,1,1273.32,1273.32
948,308,50,1,1314.74,1314.74
949,308,8,1,3818.16,3818.16
950,309,2,3,1299.97,3899.91
951,309,65,2,347.88,695.76
952,309,13,1,486.12,486.12
953,309,4,3,2993.41,8980.23
954,310,43,2,519.7,1039.4
955,310,91,1,4459.59,4459.59
956,310,36,2,2230.35,4460.7
957,310,5,3,1171.33,3513.99
958,310,71,3,2172.74,6518.22
959,311,42,3,1273.32,3819.96
960,311,83,3,145.65,436.95
961,311,32,2,1985.36,3970.72
962,311,88,3,3097.22,9291.66
963,311,26,3,800.07,2400.21
964,312,98,2,2803.23,5606.46
965,313,79,3,2154.2,6462.6
966,313,36,2,2230.35,4460.7
967,313,1,3,3233.19,9699.57
968,313,85,3,749.04,2247.12
969,314,79,2,2154.2,4308.4
970,314,37,3,4862.25,14586.75
971,314,20,3,3084.74,9254.22
972,314,34,3,3433.39,10300.17
973,315,11,2,4252.72,8505.44
974,315,8,1,3818.16,3818.16
975,315,50,3,1314.74,3944.22
976,315,29,3,2596.68,7790.04
977,315,25,3,1141.87,3425.61
978,316,7,1,1180.16,1180.16
979,316,33,3,2692.66,8077.98
980,316,29,1,2596.68,2596.68
981,316,93,1,1097.63,1097.63
982,317,25,1,1141.87,1141.87
983,318,98,1,2803.23,2803.23
984,318,90,2,4700.76,9401.52
985,318,8,3,3818.16,11454.48
986,318,6,1,2850.1,2850.1
987,319,68,2,4336.79,8673.58
988,319,22,3,3454.61,10363.83
989,319,50,3,1314.74,3944.22
990,319,27,1,3760.37,3760.37
991,319,100,3,2773.39,8320.17
992,320,5,2,1171.33,2342.66
993,320,9,3,1767.23,5301.69
994,320,93,2,1097.63,2195.26
995,320,41,3,4652.58,13957.74
996,320,54,2,447.2,894.4
997,321,5,3,1171.33,3513.99
998,321,11,2,4252.72,8505.44
999,321,64,3,4059.31,12177.93
1000,321,1,2,3233.19,6466.38
1001,322,33,3,2692.66,8077.98
1002,322,95,2,552.26,1104.52
1003,322,19,1,3538.92,3538.92
1004,323,39,1,848.91,848.91
1005,323,11,2,4252.72,8505.44
1006,323,29,2,2596.68,5193.36
1007,324,45,2,729.12,1458.24
1008,324,95,2,552.26,1104.52
1009,324,1,2,3233.19,6466.38
1010,324,79,3,2154.2,6462.6
1011,325,10,3,600.83,1802.49
1012,325,8,3,3818.16,11454.48
1013,325,55,2,1149.76,2299.52
1014,325,95,2,552.26,1104.52
1015,325,63,2,1324.05,2648.1
1016,326,59,3,3399.49,10198.47
1017,326,61,1,1318.42,1318.42
1018,326,93,2,1097.63,2195.26
1019,327,68,1,4336.79,4336.79
1020,327,74,1,380.11,380.11
1021,327,26,3,800.07,2400.21
1022,327,50,2,1314.74,2629.48
1023,328,76,1,435.75,435.75
1024,328,90,3,4700.76,14102.28
1025,329,5,3,1171.33,3513.99
1026,330,57,1,1033.01,1033.01
1027,330,26,1,800.07,800.07
1028,331,36,1,2230.35,2230.35
1029,331,3,3,3415.83,10247.49
1030,331,72,1,858.5,858.5
1031,331,46,1,1398.78,1398.78
1032,332,50,2,1314.74,2629.48
1033,332,85,3,749.04,2247.12
1034,333,90,2,4700.76,9401.52
1035,333,43,2,519.7,1039.4
1036,334,68,3,4336.79,13010.37
1037,335,1,1,3233.19,3233.19
1038,336,26,1,800.07,800.07
1039,336,47,2,4825.38,9650.76
1040,337,67,1,914.92,914.92
1041,337,63,1,1324.05,1324.05
1042,337,31,2,3981.19,7962.38
1043,338,50,2,1314.74,2629.48
1044,338,11,2,4252.72,8505.44
1045,338,76,3,435.75,1307.25
1046,339,76,3,435.75,1307.25
1047,339,97,2,3221.86,6443.72
1048,340,98,2,2803.23,5606.46
1049,341,56,3,1290.69,3872.07
1050,341,94,1,2576.5,2576.5
1051,341,70,1,4639.94,4639.94
1052,342,40,3,3034.83,9104.49
1053,342,21,1,900.67,900.67
1054,342,91,1,4459.59,4459.59
1055,342,8,3,3818.16,11454.48
1056,342,62,3,786.89,2360.67
1057,343,19,2,3538.92,7077.84
1058,343,49,1,2246.69,2246.69
1059,343,36,2,2230.35,4460.7
1060,343,5,3,1171.33,3513.99
1061,343,22,1,3454.61,3454.61
1062,344,49,2,2246.69,4493.38
1063,344,45,1,729.12,729.12
1064,344,10,1,600.83,600.83
1065,344,39,2,848.91,1697.82
1066,345,51,2,2982.71,5965.42
1067,345,74,2,380.11,760.22
1068,345,24,3,2065.71,6197.13
1069,346,58,3,1836.06,5508.18
1070,346,30,1,4319.4,4319.4
1071,346,18,1,897.01,897.01
1072,347,100,1,2773.39,2773.39
1073,347,7,2,1180.16,2360.32
1074,347,23,3,1222.34,3667.02
1075,348,15,3,3340.19,10020.57
1076,348,35,1,3866.13,3866.13
1077,348,14,3,2929.03,8787.09
1078,349,84,1,458.98,458.98
1079,349,93,1,1097.63,1097.63
1080,350,78,2,2936.7,5873.4
1081,350,98,2,2803.23,5606.46
1082,350,20,3,3084.74,9254.22
1083,350,43,3,519.7,1559.1
1084,350,54,2,447.2,894.4
1085,351,45,1,729.12,729.12
1086,351,64,3,4059.31,12177.93
1087,352,38,3,4365.54,13096.62
1088,353,95,1,552.26,552.26
1089,353,44,3,4892.12,14676.36
1090,353,38,1,4365.54,4365.54
1091,354,22,1,3454.61,3454.61
1092,354,49,3,2246.69,6740.07
1093,354,4,3,2993.41,8980.23
1094,354,50,1,1314.74,1314.74
1095,354,35,1,3866.13,3866.13
1096,355,59,1,3399.49,3399.49
1097,355,52,3,135.24,405.72
1098,355,57,1,1033.01,1033.01
1099,355,100,3,2773.39,8320.17
1100,356,66,2,4848.08,9696.16
1101,356,19,1,3538.92,3538.92
1102,356,78,2,2936.7,5873.4
1103,356,51,1,2982.71,2982.71
1104,356,40,3,3034.83,9104.49
1105,357,42,3,1273.32,3819.96
1106,358,91,3,4459.59,13378.77
1107,358,97,1,3221.86,3221.86
1108,358,5,2,1171.33,2342.66
1109,359,4,3,2993.41,8980.23
1110,359,8,1,3818.16,3818.16
1111,360,68,3,4336.79,13010.37
1112,361,36,2,2230.35,4460.7
1113,362,29,1,2596.68,2596.68
1114,362,64,3,4059.31,12177.93
1115,363,86,2,4408.42,8816.84
1116,363,33,2,2692.66,5385.32
1117,363,61,2,1318.42,2636.84
1118,364,72,1,858.5,858.5
1119,364,98,3,2803.23,8409.69
1120,364,74,2,380.11,760.22
1121,364,30,1,4319.4,4319.4
1122,364,7,1,1180.16,1180.16
1123,365,63,3,1324.05,3972.15
1124,365,81,1,1269.56,1269.56
1125,366,36,2,2230.35,4460.7
1126,366,8,3,3818.16,11454.48
1127,366,12,3,3675.69,11027.07
1128,367,1,1,3233.19,3233.19
1129,367,45,1,729.12,729.12
1130,367,99,2,648.18,1296.36
1131,367,92,2,1434.51,2869.02
1132,368,79,1,2154.2,2154.2
1133,369,54,1,447.2,447.2
1134,370,6,1,2850.1,2850.1
1135,370,100,2,2773.39,5546.78
1136,370,78,3,2936.7,8810.1
1137,370,29,3,2596.68,7790.04
1138,370,48,3,3593.45,10780.35
1139,371,4,2,2993.41,5986.82
1140,372,92,1,1434.51,1434.51
1141,372,72,1,858.5,858.5
1142,373,97,3,3221.86,9665.58
1143,373,34,3,3433.39,10300.17
1144,374,25,1,1141.87,1141.87
1145,374,8,2,3818.16,7636.32
1146,374,75,1,378.71,378.71
1147,375,9,2,1767.23,3534.46
1148,375,31,2,3981.19,7962.38
1149,375,42,1,1273.32,1273.32
1150,375,51,3,2982.71,8948.13
1151,376,11,3,4252.72,12758.16
1152,376,18,3,897.01,2691.03
1153,377,13,2,486.12,972.24
1154,378,13,2,486.12,972.24
1155,378,46,3,1398.78,4196.34
1156,378,3,2,3415.83,6831.66
1157,378,86,2,4408.42,8816.84
1158,378,48,1,3593.45,3593.45
1159,379,16,2,4291.06,8582.12
1160,379,94,1,2576.5,2576.5
1161,379,57,1,1033.01,1033.01
1162,379,24,2,2065.71,4131.42
1163,379,17,3,1462.07,4386.21
1164,380,98,3,2803.23,8409.69
1165,381,8,3,3818.16,11454.48
1166,381,41,1,4652.58,4652.58
1167,381,71,2,2172.74,4345.48
1168,381,78,1,2936.7,2936.7
1169,381,55,2,1149.76,2299.52
1170,382,74,2,380.11,760.22
1171,383,15,1,3340.19,3340.19
1172,383,12,2,3675.69,7351.38
1173,384,59,1,3399.49,3399.49
1174,384,31,1,3981.19,3981.19
1175,384,19,1,3538.92,3538.92
1176,384,7,3,1180.16,3540.48
1177,384,45,3,729.12,2187.36
1178,385,39,1,848.91,848.91
1179,385,62,2,786.89,1573.78
1180,385,22,2,3454.61,6909.22
1181,385,58,1,1836.06,1836.06
1182,386,66,3,4848.08,14544.24
1183,387,100,3,2773.39,8320.17
1184,387,39,1,848.91,848.91
1185,387,23,2,1222.34,2444.68
1186,387,12,1,3675.69,3675.69
1187,387,22,3,3454.61,10363.83
1188,388,52,2,135.24,270.48
1189,388,27,3,3760.37,11281.11
1190,388,71,3,2172.74,6518.22
1191,388,31,2,3981.19,7962.38
1192,389,90,2,4700.76,9401.52
1193,389,95,2,552.26,1104.52
1194,389,3,1,3415.83,3415.83
1195,389,16,3,4291.06,12873.18
1196,389,49,2,2246.69,4493.38
1197,390,98,2,2803.23,5606.46
1198,390,38,2,4365.54,8731.08
1199,390,53,1,1221.81,1221.81
1200,391,12,1,3675.69,3675.69
1201,391,96,2,316.03,632.06
1202,392,8,3,3818.16,11454.48
1203,392,31,2,3981.19,7962.38
1204,392,74,2,380.11,760.22
1205,392,38,1,4365.54,4365.54
1206,392,15,1,3340.19,3340.19
1207,393,87,1,2247.1,2247.1
1208,393,44,2,4892.12,9784.24
1209,393,31,3,3981.19,11943.57
1210,393,17,3,1462.07,4386.21
1211,393,27,3,3760.37,11281.11
1212,394,17,3,1462.07,4386.21
1213,394,40,3,3034.83,9104.49
1214,394,26,3,800.07,2400.21
1215,394,75,2,378.71,757.42
1216,395,38,1,4365.54,4365.54
1217,395,21,1,900.67,900.67
1218,395,48,3,3593.45,10780.35
1219,396,15,3,3340.19,10020.57
1220,396,86,1,4408.42,4408.42
1221,396,59,3,3399.49,10198.47
1222,396,51,1,2982.71,2982.71
1223,396,92,1,1434.51,1434.51
1224,397,57,2,1033.01,2066.02
1225,398,6,1,2850.1,2850.1
1226,398,59,3,3399.49,10198.47
1227,399,53,2,1221.81,2443.62
1228,399,64,2,4059.31,8118.62
1229,399,87,1,2247.1,2247.1
1230,399,75,3,378.71,1136.13
1231,399,5,3,1171.33,3513.99
1232,400,66,3,4848.08,14544.24
1233,400,14,2,2929.03,5858.06
1234,400,86,1,4408.42,4408.42
1235,400,93,1,1097.63,1097.63
1236,401,57,1,1033.01,1033.01
1237,402,47,2,4825.38,9650.76
1238,402,78,1,2936.7,2936.7
1239,402,62,3,786.89,2360.67
1240,402,54,3,447.2,1341.6
1241,402,29,3,2596.68,7790.04
1242,403,11,1,4252.72,4252.72
1243,403,60,1,397.0,397.0
1244,404,85,3,749.04,2247.12
1245,404,76,3,435.75,1307.25
1246,405,75,2,378.71,757.42
1247,405,10,1,600.83,600.83
1248,405,46,2,1398.78,2797.56
1249,406,12,3,3675.69,11027.07
1250,406,4,1,2993.41,2993.41
1251,407,95,3,552.26,1656.78
1252,408,35,2,3866.13,7732.26
1253,409,60,1,397.0,397.0
1254,409,43,3,519.7,1559.1
1255,409,73,1,2937.98,2937.98
1256,409,21,3,900.67,2702.01
1257,410,75,3,378.71,1136.13
1258,410,22,2,3454.61,6909.22
1259,410,96,3,316.03,948.09
1260,410,6,1,2850.1,2850.1
1261,411,39,1,848.91,848.91
1262,411,47,3,4825.38,14476.14
1263,412,63,1,1324.05,1324.05
1264,413,11,3,4252.72,12758.16
1265,413,10,3,600.83,1802.49
1266,413,25,1,1141.87,1141.87
1267,413,67,1,914.92,914.92
1268,413,93,2,1097.63,2195.26
1269,414,47,1,4825.38,4825.38
1270,414,65,3,347.88,1043.64
1271,414,40,2,3034.83,6069.66
1272,414,63,1,1324.05,1324.05
1273,414,80,2,4680.06,9360.12
1274,415,94,2,2576.5,5153.0
1275,415,27,3,3760.37,11281.11
1276,415,55,3,1149.76,3449.28
1277,415,49,2,2246.69,4493.38
1278,415,33,2,2692.66,5385.32
1279,416,90,3,4700.76,14102.28
1280,417,26,1,800.07,800.07
1281,417,72,1,858.5,858.5
1282,417,33,2,2692.66,5385.32
1283,417,24,3,2065.71,6197.13
1284,418,56,2,1290.69,2581.38
1285,418,7,1,1180.16,1180.16
1286,418,8,3,3818.16,11454.48
1287,418,39,2,848.91,1697.82
1288,419,61,3,1318.42,3955.26
1289,419,33,2,2692.66,5385.32
1290,419,17,2,1462.07,2924.14
1291,420,72,1,858.5,858.5
1292,420,91,3,4459.59,13378.77
1293,420,9,2,1767.23,3534.46
1294,420,6,1,2850.1,2850.1
1295,421,75,1,378.71,378.71
1296,421,34,2,3433.39,6866.78
1297,421,90,3,4700.76,14102.28
1298,422,88,2,3097.22,6194.44
1299,422,42,2,1273.32,2546.64
1300,422,6,1,2850.1,2850.1
1301,422,24,1,2065.71,2065.71
1302,423,47,2,4825.38,9650.76
1303,423,15,2,3340.19,6680.38
1304,423,84,1,458.98,458.98
1305,423,89,1,3372.53,3372.53
1306,424,31,3,3981.19,11943.57
1307,424,72,3,858.5,2575.5
1308,424,74,3,380.11,1140.33
1309,424,43,2,519.7,1039.4
1310,425,72,3,858.5,2575.5
1311,425,76,1,435.75,435.75
1312,425,95,3,552.26,1656.78
1313,426,22,1,3454.61,3454.61
1314,426,54,2,447.2,894.4
1315,426,32,2,1985.36,3970.72
1316,426,43,2,519.7,1039.4
1317,427,37,1,4862.25,4862.25
1318,427,100,3,2773.39,8320.17
1319,427,91,3,4459.59,13378.77
1320,427,20,1,3084.74,3084.74
1321,427,29,3,2596.68,7790.04
1322,428,48,2,3593.45,7186.9
1323,428,14,2,2929.03,5858.06
1324,428,84,2,458.98,917.96
1325,429,34,2,3433.39,6866.78
1326,429,62,2,786.89,1573.78
1327,429,20,2,3084.74,6169.48
1328,429,80,2,4680.06,9360.12
1329,430,91,3,4459.59,13378.77
1330,430,73,3,2937.98,8813.94
1331,431,36,2,2230.35,4460.7
1332,431,63,1,1324.05,1324.05
1333,432,14,2,2929.03,5858.06
1334,432,9,3,1767.23,5301.69
1335,432,23,2,1222.34,2444.68
1336,432,94,2,2576.5,5153.0
1337,433,80,1,4680.06,4680.06
1338,433,98,2,2803.23,5606.46
1339,433,43,2,519.7,1039.4
1340,433,39,3,848.91,2546.73
1341,433,83,3,145.65,436.95
1342,434,51,2,2982.71,5965.42
1343,434,13,2,486.12,972.24
1344,435,58,3,1836.06,5508.18
1345,435,54,1,447.2,447.2
1346,435,57,2,1033.01,2066.02
1347,435,20,2,3084.74,6169.48
1348,436,92,2,1434.51,2869.02
1349,436,14,1,2929.03,2929.03
1350,436,2,3,1299.97,3899.91
1351,436,60,1,397.0,397.0
1352,437,19,3,3538.92,10616.76
1353,437,12,3,3675.69,11027.07
1354,438,28,3,1873.78,5621.34
1355,438,27,1,3760.37,3760.37
1356,438,84,2,458.98,917.96
1357,438,10,2,600.83,1201.66
1358,439,63,3,1324.05,3972.15
1359,439,96,2,316.03,632.06
1360,439,44,1,4892.12,4892.12
1361,439,75,3,378.71,1136.13
1362,440,40,3,3034.83,9104.49
1363,440,65,2,347.88,695.76
1364,441,82,2,2340.4,4680.8
1365,441,20,3,3084.74,9254.22
1366,441,68,2,4336.79,8673.58
1367,441,62,3,786.89,2360.67
1368,441,16,3,4291.06,12873.18
1369,442,31,2,3981.19,7962.38
1370,443,67,3,914.92,2744.76
1371,443,25,3,1141.87,3425.61
1372,443,14,1,2929.03,2929.03
1373,443,72,1,858.5,858.5
1374,443,8,1,3818.16,3818.16
1375,444,84,3,458.98,1376.94
1376,444,20,3,3084.74,9254.22
1377,445,22,2,3454.61,6909.22
1378,445,88,2,3097.22,6194.44
1379,445,9,1,1767.23,1767.23
1380,445,26,1,800.07,800.07
1381,446,2,3,1299.97,3899.91
1382,446,84,3,458.98,1376.94
1383,446,17,3,1462.07,4386.21
1384,446,35,3,3866.13,11598.39
1385,446,67,3,914.92,2744.76
1386,447,70,2,4639.94,9279.88
1387,447,79,2,2154.2,4308.4
1388,447,87,3,2247.1,6741.3
1389,448,37,2,4862.25,9724.5
1390,448,81,1,1269.56,1269.56
1391,449,16,1,4291.06,4291.06
1392,449,46,1,1398.78,1398.78
1393,449,81,3,1269.56,3808.68
1394,449,34,1,3433.39,3433.39
1395,450,1,1,3233.19,3233.19
1396,450,2,3,1299.97,3899.91
1397,450,86,2,4408.42,8816.84
1398,450,12,2,3675.69,7351.38
1399,451,73,2,2937.98,5875.96
1400,451,89,1,3372.53,3372.53
1401,451,46,2,1398.78,2797.56
1402,451,61,1,1318.42,1318.42
1403,452,34,3,3433.39,10300.17
1404,452,96,1,316.03,316.03
1405,452,13,3,486.12,1458.36
1406,453,46,3,1398.78,4196.34
1407,453,24,1,2065.71,2065.71
1408,454,95,2,552.26,1104.52
1409,454,97,2,3221.86,6443.72
1410,454,18,1,897.01,897.01
1411,454,85,2,749.04,1498.08
1412,454,31,3,3981.19,11943.57
1413,455,91,2,4459.59,8919.18
1414,455,15,1,3340.19,3340.19
1415,455,96,3,316.03,948.09
1416,455,67,3,914.92,2744.76
1417,456,76,2,435.75,871.5
1418,456,64,1,4059.31,4059.31
1419,456,78,3,2936.7,8810.1
1420,456,36,1,2230.35,2230.35
1421,457,53,3,1221.81,3665.43
1422,458,58,1,1836.06,1836.06
1423,458,88,2,3097.22,6194.44
1424,458,56,2,1290.69,2581.38
1425,458,35,1,3866.13,3866.13
1426,458,86,2,4408.42,8816.84
1427,459,23,3,1222.34,3667.02
1428,459,46,3,1398.78,4196.34
1429,459,9,2,1767.23,3534.46
1430,459,2,3,1299.97,3899.91
1431,460,99,1,648.18,648.18
1432,460,15,2,3340.19,6680.38
1433,460,53,2,1221.81,2443.62
1434,460,36,2,2230.35,4460.7
1435,460,60,3,397.0,1191.0
1436,461,14,3,2929.03,8787.09
1437,461,100,3,2773.39,8320.17
1438,461,19,1,3538.92,3538.92
1439,462,43,1,519.7,519.7
1440,463,40,3,3034.83,9104.49
1441,463,67,1,914.92,914.92
1442,463,73,3,2937.98,8813.94
1443,464,32,3,1985.36,5956.08
1444,464,7,2,1180.16,2360.32
1445,465,30,3,4319.4,12958.2
1446,465,50,3,1314.74,3944.22
1447,465,22,1,3454.61,3454.61
1448,465,1,3,3233.19,9699.57
1449,465,42,1,1273.32,1273.32
1450,466,44,2,4892.12,9784.24
1451,466,80,2,4680.06,9360.12
1452,467,2,1,1299.97,1299.97
1453,467,61,2,1318.42,2636.84
1454,467,75,1,378.71,378.71
1455,468,88,3,3097.22,9291.66
1456,468,58,3,1836.06,5508.18
1457,468,64,2,4059.31,8118.62
1458,468,4,2,2993.41,5986.82
1459,468,33,3,2692.66,8077.98
1460,469,89,2,3372.53,6745.06
1461,469,30,1,4319.4,4319.4
1462,469,92,1,1434.51,1434.51
1463,469,62,3,786.89,2360.67
1464,470,65,2,347.88,695.76
1465,470,90,1,4700.76,4700.76
1466,471,15,1,3340.19,3340.19
1467,471,29,2,2596.68,5193.36
1468,471,22,3,3454.61,10363.83
1469,472,25,3,1141.87,3425.61
1470,473,37,2,4862.25,9724.5
1471,473,39,3,848.91,2546.73
1472,473,53,1,1221.81,1221.81
1473,473,28,3,1873.78,5621.34
1474,473,88,2,3097.22,6194.44
1475,474,68,1,4336.79,4336.79
1476,474,96,3,316.03,948.09
1477,474,36,3,2230.35,6691.05
1478,474,57,1,1033.01,1033.01
1479,475,64,2,4059.31,8118.62
1480,476,56,2,1290.69,2581.38
1481,477,39,1,848.91,848.91
1482,477,36,3,2230.35,6691.05
1483,478,58,3,1836.06,5508.18
1484,478,39,2,848.91,1697.82
1485,478,64,1,4059.31,4059.31
1486,478,76,3,435.75,1307.25
1487,478,79,1,2154.2,2154.2
1488,479,90,3,4700.76,14102.28
1489,480,81,3,1269.56,3808.68
1490,480,41,1,4652.58,4652.58
1491,480,8,2,3818.16,7636.32
1492,480,18,3,897.01,2691.03
1493,480,64,2,4059.31,8118.62
1494,481,9,3,1767.23,5301.69
1495,481,28,1,1873.78,1873.78
1496,481,50,1,1314.74,1314.74
1497,481,74,2,380.11,760.22
1498,481,65,1,347.88,347.88
1499,482,54,3,447.2,1341.6
1500,482,19,1,3538.92,3538.92
1501,483,5,1,1171.33,1171.33
1502,483,34,3,3433.39,10300.17
1503,483,83,2,145.65,291.3
1504,484,35,3,3866.13,11598.39
1505,484,49,2,2246.69,4493.38
1506,484,79,2,2154.2,4308.4
1507,485,42,2,1273.32,2546.64
1508,486,47,2,4825.38,9650.76
1509,486,75,2,378.71,757.42
1510,486,84,2,458.98,917.96
1511,487,13,3,486.12,1458.36
1512,488,4,1,2993.41,2993.41
1513,488,81,3,1269.56,3808.68
1514,488,85,2,749.04,1498.08
1515,489,61,2,1318.42,2636.84
1516,489,35,2,3866.13,7732.26
1517,490,62,3,786.89,2360.67
1518,490,32,3,1985.36,5956.08
1519,490,98,1,2803.23,2803.23
1520,491,12,3,3675.69,11027.07
1521,491,73,1,2937.98,2937.98
1522,491,95,1,552.26,552.26
1523,492,5,1,1171.33,1171.33
1524,492,47,1,4825.38,4825.38
1525,492,40,1,3034.83,3034.83
1526,492,43,2,519.7,1039.4
1527,493,92,1,1434.51,1434.51
1528,493,78,3,2936.7,8810.1
1529,493,49,1,2246.69,2246.69
1530,493,8,3,3818.16,11454.48
1531,494,31,1,3981.19,3981.19
1532,494,3,3,3415.83,10247.49
1533,494,38,2,4365.54,8731.08
1534,495,17,1,1462.07,1462.07
1535,495,26,2,800.07,1600.14
1536,496,2,2,1299.97,2599.94
1537,496,28,3,1873.78,5621.34
1538,497,4,1,2993.41,2993.41
1539,498,21,1,900.67,900.67
1540,498,34,3,3433.39,10300.17
1541,498,65,3,347.88,1043.64
1542,498,9,2,1767.23,3534.46
1543,498,50,1,1314.74,1314.74
1544,499,32,2,1985.36,3970.72
1545,500,20,1,3084.74,3084.74
1546,501,28,1,1873.78,1873.78
1547,502,81,1,1269.56,1269.56
1548,502,71,2,2172.74,4345.48
1549,502,5,1,1171.33,1171.33
1550,503,65,1,347.88,347.88
1551,503,93,3,1097.63,3292.89
1552,504,47,2,4825.38,9650.76
1553,504,6,2,2850.1,5700.2
1554,505,3,2,3415.83,6831.66
1555,505,13,3,486.12,1458.36
1556,506,39,1,848.91,848.91
1557,506,2,1,1299.97,1299.97
1558,507,87,3,2247.1,6741.3
1559,507,39,2,848.91,1697.82
1560,507,91,2,4459.59,8919.18
1561,507,54,2,447.2,894.4
1562,507,89,2,3372.53,6745.06
1563,508,98,1,2803.23,2803.23
1564,509,67,2,914.92,1829.84
1565,509,84,3,458.98,1376.94
1566,509,4,1,2993.41,2993.41
1567,509,34,3,3433.39,10300.17
1568,509,50,2,1314.74,2629.48
1569,510,77,1,2078.5,2078.5
1570,510,68,3,4336.79,13010.37
1571,510,19,2,3538.92,7077.84
1572,510,61,2,1318.42,2636.84
1573,510,16,3,4291.06,12873.18
1574,511,29,2,2596.68,5193.36
1575,511,40,2,3034.83,6069.66
1576,512,50,1,1314.74,1314.74
1577,512,29,3,2596.68,7790.04
1578,512,91,1,4459.59,4459.59
1579,512,62,2,786.89,1573.78
1580,512,42,2,1273.32,2546.64
1581,513,35,2,3866.13,7732.26
1582,513,20,2,3084.74,6169.48
1583,513,68,3,4336.79,13010.37
1584,513,36,3,2230.35,6691.05
1585,513,8,1,3818.16,3818.16
1586,514,65,1,347.88,347.88
1587,515,43,1,519.7,519.7
1588,515,65,1,347.88,347.88
1589,515,74,1,380.11,380.11
1590,516,81,2,1269.56,2539.12
1591,516,76,2,435.75,871.5
1592,516,97,3,3221.86,9665.58
1593,516,10,2,600.83,1201.66
1594,516,50,1,1314.74,1314.74
1595,517,2,1,1299.97,1299.97
1596,517,34,2,3433.39,6866.78
1597,517,79,1,2154.2,2154.2
1598,517,73,2,2937.98,5875.96
1599,517,43,1,519.7,519.7
1600,518,8,3,3818.16,11454.48
1601,518,19,2,3538.92,7077.84
1602,519,57,2,1033.01,2066.02
1603,520,20,1,3084.74,3084.74
1604,520,37,1,4862.25,4862.25
1605,521,19,2,3538.92,7077.84
1606,522,42,3,1273.32,3819.96
1607,522,84,3,458.98,1376.94
1608,522,85,3,749.04,2247.12
1609,523,49,3,2246.69,6740.07
1610,523,6,1,2850.1,2850.1
1611,524,93,3,1097.63,3292.89
1612,524,83,3,145.65,436.95
1613,524,57,3,1033.01,3099.03
1614,525,80,3,4680.06,14040.18
1615,525,63,2,1324.05,2648.1
1616,526,85,2,749.04,1498.08
1617,527,65,2,347.88,695.76
1618,528,68,2,4336.79,8673.58
1619,529,75,2,378.71,757.42
1620,530,39,2,848.91,1697.82
1621,530,53,1,1221.81,1221.81
1622,531,95,1,552.26,552.26
1623,532,99,1,648.18,648.18
1624,533,80,1,4680.06,4680.06
1625,533,90,1,4700.76,4700.76
1626,533,72,1,858.5,858.5
1627,533,63,3,1324.05,3972.15
1628,534,65,1,347.88,347.88
1629,534,6,2,2850.1,5700.2
1630,534,94,3,2576.5,7729.5
1631,535,63,3,1324.05,3972.15
1632,536,82,1,2340.4,2340.4
1633,537,95,2,552.26,1104.52
1634,538,21,2,900.67,1801.34
1635,538,16,2,4291.06,8582.12
1636,538,33,1,2692.66,2692.66
1637,539,20,1,3084.74,3084.74
1638,539,40,2,3034.83,6069.66
1639,539,100,3,2773.39,8320.17
1640,540,79,2,2154.2,4308.4
1641,540,46,2,1398.78,2797.56
1642,541,93,3,1097.63,3292.89
1643,541,58,3,1836.06,5508.18
1644,542,14,1,2929.03,2929.03
1645,542,69,1,1956.97,1956.97
1646,542,43,3,519.7,1559.1
1647,542,18,2,897.01,1794.02
1648,543,29,2,2596.68,5193.36
1649,544,57,3,1033.01,3099.03
1650,544,28,3,1873.78,5621.34
1651,544,30,2,4319.4,8638.8
1652,544,5,1,1171.33,1171.33
1653,545,52,2,135.24,270.48
1654,545,85,2,749.04,1498.08
1655,546,75,3,378.71,1136.13
1656,546,1,2,3233.19,6466.38
1657,547,23,3,1222.34,3667.02
1658,547,14,2,2929.03,5858.06
1659,548,17,3,1462.07,4386.21
1660,548,75,1,378.71,378.71
1661,548,92,3,1434.51,4303.53
1662,548,57,1,1033.01,1033.01
1663,549,14,1,2929.03,2929.03
1664,549,80,3,4680.06,14040.18
1665,549,2,3,1299.97,3899.91
1666,549,35,1,3866.13,3866.13
1667,550,18,1,897.01,897.01
1668,550,11,2,4252.72,8505.44
1669,551,6,3,2850.1,8550.3
1670,551,70,3,4639.94,13919.82
1671,551,10,2,600.83,1201.66
1672,551,99,2,648.18,1296.36
1673,552,62,1,786.89,786.89
1674,553,43,1,519.7,519.7
1675,553,85,1,749.04,749.04
1676,553,91,1,4459.59,4459.59
1677,553,63,1,1324.05,1324.05
1678,553,65,2,347.88,695.76
1679,554,30,3,4319.4,12958.2
1680,555,50,2,1314.74,2629.48
1681,555,6,2,2850.1,5700.2
1682,556,36,1,2230.35,2230.35
1683,557,91,3,4459.59,13378.77
1684,557,47,3,4825.38,14476.14
1685,557,4,3,2993.41,8980.23
1686,558,41,1,4652.58,4652.58
1687,558,85,1,749.04,749.04
1688,558,95,3,552.26,1656.78
1689,559,77,3,2078.5,6235.5
1690,559,13,1,486.12,486.12
1691,559,37,3,4862.25,14586.75
1692,559,30,2,4319.4,8638.8
1693,560,15,1,3340.19,3340.19
1694,560,46,2,1398.78,2797.56
1695,561,2,1,1299.97,1299.97
1696,561,3,1,3415.83,3415.83
1697,561,67,2,914.92,1829.84
1698,561,94,1,2576.5,2576.5
1699,561,17,1,1462.07,1462.07
1700,562,74,1,380.11,380.11
1701,562,72,1,858.5,858.5
1702,563,72,3,858.5,2575.5
1703,564,43,1,519.7,519.7
1704,565,83,1,145.65,145.65
1705,565,36,1,2230.35,2230.35
1706,565,86,2,4408.42,8816.84
1707,565,57,1,1033.01,1033.01
1708,566,78,1,2936.7,2936.7
1709,567,22,2,3454.61,6909.22
1710,567,86,1,4408.42,4408.42
1711,567,15,2,3340.19,6680.38
1712,567,35,3,3866.13,11598.39
1713,568,98,1,2803.23,2803.23
1714,568,48,2,3593.45,7186.9
1715,569,79,1,2154.2,2154.2
1716,569,61,3,1318.42,3955.26
1717,570,68,2,4336.79,8673.58
1718,570,21,2,900.67,1801.34
1719,570,99,3,648.18,1944.54
1720,571,2,2,1299.97,2599.94
1721,571,9,1,1767.23,1767.23
1722,571,22,2,3454.61,6909.22
1723,572,29,1,2596.68,2596.68
1724,572,88,3,3097.22,9291.66
1725,572,59,3,3399.49,10198.47
1726,572,77,1,2078.5,2078.5
1727,572,3,2,3415.83,6831.66
1728,573,21,2,900.67,1801.34
1729,573,75,2,378.71,757.42
1730,573,68,3,4336.79,13010.37
1731,573,55,3,1149.76,3449.28
1732,573,27,2,3760.37,7520.74
1733,574,58,2,1836.06,3672.12
1734,575,100,1,2773.39,2773.39
1735,575,71,2,2172.74,4345.48
1736,575,97,3,3221.86,9665.58
1737,576,66,1,4848.08,4848.08
1738,576,52,1,135.24,135.24
1739,577,48,3,3593.45,10780.35
1740,577,40,3,3034.83,9104.49
1741,577,3,1,3415.83,3415.83
1742,578,56,2,1290.69,2581.38
1743,578,86,1,4408.42,4408.42
1744,578,12,1,3675.69,3675.69
1745,578,66,1,4848.08,4848.08
1746,579,13,3,486.12,1458.36
1747,579,83,1,145.65,145.65
1748,579,33,3,2692.66,8077.98
1749,580,87,3,2247.1,6741.3
1750,580,7,1,1180.16,1180.16
1751,580,68,3,4336.79,13010.37
1752,580,37,1,4862.25,4862.25
1753,580,9,2,1767.23,3534.46
1754,581,89,1,3372.53,3372.53
1755,581,94,1,2576.5,2576.5
1756,581,90,1,4700.76,4700.76
1757,581,32,1,1985.36,1985.36
1758,582,75,2,378.71,757.42
1759,582,80,1,4680.06,4680.06
1760,582,49,2,2246.69,4493.38
1761,582,42,3,1273.32,3819.96
1762,582,13,1,486.12,486.12
1763,583,31,2,3981.19,7962.38
1764,583,62,1,786.89,786.89
1765,584,80,1,4680.06,4680.06
1766,584,37,3,4862.25,14586.75
1767,585,59,3,3399.49,10198.47
1768,585,52,3,135.24,405.72
1769,585,53,2,1221.81,2443.62
1770,586,73,2,2937.98,5875.96
1771,586,55,1,1149.76,1149.76
1772,586,44,1,4892.12,4892.12
1773,587,92,3,1434.51,4303.53
1774,587,73,2,2937.98,5875.96
1775,587,100,1,2773.39,2773.39
1776,587,68,3,4336.79,13010.37
1777,588,1,2,3233.19,6466.38
1778,588,93,1,1097.63,1097.63
1779,588,14,3,2929.03,8787.09
1780,588,73,3,2937.98,8813.94
1781,588,2,1,1299.97,1299.97
1782,589,47,1,4825.38,4825.38
1783,589,87,1,2247.1,2247.1
1784,589,98,3,2803.23,8409.69
1785,590,60,2,397.0,794.0
1786,590,68,3,4336.79,13010.37
1787,590,61,1,1318.42,1318.42
1788,590,28,1,1873.78,1873.78
1789,590,72,3,858.5,2575.5
1790,591,23,1,1222.34,1222.34
1791,591,84,3,458.98,1376.94
1792,591,19,3,3538.92,10616.76
1793,591,66,1,4848.08,4848.08
1794,591,97,2,3221.86,6443.72
1795,592,16,1,4291.06,4291.06
1796,593,90,3,4700.76,14102.28
1797,593,85,1,749.04,749.04
1798,594,29,2,2596.68,5193.36
1799,594,75,1,378.71,378.71
1800,594,5,2,1171.33,2342.66
1801,595,16,2,4291.06,8582.12
1802,596,67,1,914.92,914.92
1803,597,55,1,1149.76,1149.76
1804,597,64,2,4059.31,8118.62
1805,597,70,2,4639.94,9279.88
1806,597,38,2,4365.54,8731.08
1807,598,55,2,1149.76,2299.52
1808,599,10,1,600.83,600.83
1809,599,68,2,4336.79,8673.58
1810,600,43,2,519.7,1039.4
1811,601,52,1,135.24,135.24
1812,602,74,1,380.11,380.11
1813,602,37,3,4862.25,14586.75
1814,602,80,1,4680.06,4680.06
1815,602,86,3,4408.42,13225.26
1816,603,34,2,3433.39,6866.78
1817,603,91,3,4459.59,13378.77
1818,603,46,1,1398.78,1398.78
1819,603,1,2,3233.19,6466.38
1820,603,54,3,447.2,1341.6
1821,604,20,1,3084.74,3084.74
1822,604,53,1,1221.81,1221.81
1823,604,60,1,397.0,397.0
1824,604,56,2,1290.69,2581.38
1825,605,68,3,4336.79,13010.37
1826,605,43,3,519.7,1559.1
1827,605,90,3,4700.76,14102.28
1828,605,98,3,2803.23,8409.69
1829,606,89,2,3372.53,6745.06
1830,606,71,1,2172.74,2172.74
1831,606,43,1,519.7,519.7
1832,607,71,2,2172.74,4345.48
1833,607,46,1,1398.78,1398.78
1834,607,86,1,4408.42,4408.42
1835,607,50,2,1314.74,2629.48
1836,607,33,1,2692.66,2692.66
1837,608,4,2,2993.41,5986.82
1838,608,55,1,1149.76,1149.76
1839,608,10,1,600.83,600.83
1840,608,47,1,4825.38,4825.38
1841,608,44,1,4892.12,4892.12
1842,609,56,2,1290.69,2581.38
1843,610,47,2,4825.38,9650.76
1844,610,11,2,4252.72,8505.44
1845,610,95,3,552.26,1656.78
1846,610,76,2,435.75,871.5
1847,611,97,1,3221.86,3221.86
1848,611,12,2,3675.69,7351.38
1849,611,11,2,4252.72,8505.44
1850,611,18,2,897.01,1794.02
1851,612,87,2,2247.1,4494.2
1852,612,9,2,1767.23,3534.46
1853,612,97,2,3221.86,6443.72
1854,613,79,1,2154.2,2154.2
1855,613,4,1,2993.41,2993.41
1856,613,54,3,447.2,1341.6
1857,613,95,3,552.26,1656.78
1858,613,58,1,1836.06,1836.06
1859,614,78,2,2936.7,5873.4
1860,614,31,3,3981.19,11943.57
1861,614,35,1,3866.13,3866.13
1862,614,32,3,1985.36,5956.08
1863,614,60,1,397.0,397.0
1864,615,29,3,2596.68,7790.04
1865,615,87,3,2247.1,6741.3
1866,615,38,2,4365.54,8731.08
1867,615,88,3,3097.22,9291.66
1868,616,73,2,2937.98,5875.96
1869,617,48,3,3593.45,10780.35
1870,617,97,3,3221.86,9665.58
1871,617,1,3,3233.19,9699.57
1872,617,66,1,4848.08,4848.08
1873,617,71,1,2172.74,2172.74
1874,618,84,1,458.98,458.98
1875,618,28,1,1873.78,1873.78
1876,619,17,3,1462.07,4386.21
1877,620,40,3,3034.83,9104.49
1878,620,57,2,1033.01,2066.02
1879,621,25,1,1141.87,1141.87
1880,622,15,2,3340.19,6680.38
1881,622,22,2,3454.61,6909.22
1882,622,51,3,2982.71,8948.13
1883,622,84,2,458.98,917.96
1884,622,34,1,3433.39,3433.39
1885,623,16,2,4291.06,8582.12
1886,623,41,1,4652.58,4652.58
1887,623,78,2,2936.7,5873.4
1888,623,17,1,1462.07,1462.07
1889,623,73,1,2937.98,2937.98
1890,624,26,1,800.07,800.07
1891,625,96,3,316.03,948.09
1892,625,80,2,4680.06,9360.12
1893,625,4,2,2993.41,5986.82
1894,626,53,3,1221.81,3665.43
1895,626,35,3,3866.13,11598.39
1896,626,87,2,2247.1,4494.2
1897,626,90,1,4700.76,4700.76
1898,627,49,3,2246.69,6740.07
1899,627,17,3,1462.07,4386.21
1900,628,58,2,1836.06,3672.12
1901,629,24,3,2065.71,6197.13
1902,630,58,1,1836.06,1836.06
1903,630,54,2,447.2,894.4
1904,630,6,2,2850.1,5700.2
1905,631,65,3,347.88,1043.64
1906,631,5,3,1171.33,3513.99
1907,631,83,1,145.65,145.65
1908,631,74,1,380.11,380.11
1909,632,76,2,435.75,871.5
1910,632,80,2,4680.06,9360.12
1911,632,45,3,729.12,2187.36
1912,632,91,2,4459.59,8919.18
1913,633,59,2,3399.49,6798.98
1914,633,93,1,1097.63,1097.63
1915,634,4,2,2993.41,5986.82
1916,634,67,1,914.92,914.92
1917,634,31,3,3981.19,11943.57
1918,634,75,1,378.71,378.71
1919,634,85,1,749.04,749.04
1920,635,51,1,2982.71,2982.71
1921,635,13,3,486.12,1458.36
1922,635,3,3,3415.83,10247.49
1923,635,10,1,600.83,600.83
1924,636,72,1,858.5,858.5
1925,636,62,1,786.89,786.89
1926,637,4,3,2993.41,8980.23
1927,637,99,1,648.18,648.18
1928,637,75,2,378.71,757.42
1929,638,35,2,3866.13,7732.26
1930,638,14,3,2929.03,8787.09
1931,638,61,1,1318.42,1318.42
1932,638,79,3,2154.2,6462.6
1933,638,67,1,914.92,914.92
1934,639,27,2,3760.37,7520.74
1935,639,69,1,1956.97,1956.97
1936,639,3,2,3415.83,6831.66
1937,639,19,3,3538.92,10616.76
1938,639,8,3,3818.16,11454.48
1939,640,69,3,1956.97,5870.91
1940,640,12,3,3675.69,11027.07
1941,640,32,1,1985.36,1985.36
1942,641,95,1,552.26,552.26
1943,642,64,1,4059.31,4059.31
1944,642,93,3,1097.63,3292.89
1945,643,74,3,380.11,1140.33
1946,643,77,2,2078.5,4157.0
1947,643,89,3,3372.53,10117.59
1948,644,99,2,648.18,1296.36
1949,645,5,1,1171.33,1171.33
1950,645,44,1,4892.12,4892.12
1951,645,64,2,4059.31,8118.62
1952,645,30,3,4319.4,12958.2
1953,645,67,2,914.92,1829.84
1954,646,49,2,2246.69,4493.38
1955,646,21,2,900.67,1801.34
1956,646,37,2,4862.25,9724.5
1957,647,72,2,858.5,1717.0
1958,647,13,3,486.12,1458.36
1959,647,89,3,3372.53,10117.59
1960,647,61,3,1318.42,3955.26
1961,648,82,3,2340.4,7021.2
1962,649,76,3,435.75,1307.25
1963,649,90,3,4700.76,14102.28
1964,649,46,3,1398.78,4196.34
1965,650,85,2,749.04,1498.08
1966,651,16,3,4291.06,12873.18
1967,651,34,2,3433.39,6866.78
1968,651,51,2,2982.71,5965.42
1969,652,92,1,1434.51,1434.51
1970,652,41,1,4652.58,4652.58
1971,652,28,3,1873.78,5621.34
1972,653,17,2,1462.07,2924.14
1973,653,10,3,600.83,1802.49
1974,653,6,2,2850.1,5700.2
1975,653,60,3,397.0,1191.0
1976,653,50,1,1314.74,1314.74
1977,654,52,2,135.24,270.48
1978,654,49,2,2246.69,4493.38
1979,654,7,2,1180.16,2360.32
1980,655,20,3,3084.74,9254.22
1981,655,100,3,2773.39,8320.17
1982,655,99,1,648.18,648.18
1983,655,13,2,486.12,972.24
1984,655,23,3,1222.34,3667.02
1985,656,7,3,1180.16,3540.48
1986,656,100,2,2773.39,5546.78
1987,656,52,3,135.24,405.72
1988,656,92,2,1434.51,2869.02
1989,656,46,3,1398.78,4196.34
1990,657,34,1,3433.39,3433.39
1991,657,64,2,4059.31,8118.62
1992,657,25,1,1141.87,1141.87
1993,657,46,2,1398.78,2797.56
1994,657,84,1,458.98,458.98
1995,658,56,1,1290.69,1290.69
1996,658,42,3,1273.32,3819.96
1997,658,79,2,2154.2,4308.4
1998,658,45,3,729.12,2187.36
1999,658,89,1,3372.53,3372.53
2000,659,73,2,2937.98,5875.96
2001,659,25,2,1141.87,2283.74
2002,659,50,2,1314.74,2629.48
2003,660,40,1,3034.83,3034.83
2004,660,28,2,1873.78,3747.56
2005,660,69,1,1956.97,1956.97
2006,660,89,3,3372.53,10117.59
2007,661,2,1,1299.97,1299.97
2008,661,39,2,848.91,1697.82
2009,661,78,1,2936.7,2936.7
2010,661,52,3,135.24,405.72
2011,661,61,1,1318.42,1318.42
2012,662,95,2,552.26,1104.52
2013,662,79,1,2154.2,2154.2
2014,662,55,1,1149.76,1149.76
2015,663,93,2,1097.63,2195.26
2016,663,14,3,2929.03,8787.09
2017,663,11,2,4252.72,8505.44
2018,664,31,1,3981.19,3981.19
2019,664,13,2,486.12,972.24
2020,665,25,2,1141.87,2283.74
2021,665,57,3,1033.01,3099.03
2022,666,46,1,1398.78,1398.78
2023,666,10,1,600.83,600.83
2024,666,48,3,3593.45,10780.35
2025,667,93,1,1097.63,1097.63
2026,668,22,2,3454.61,6909.22
2027,668,90,2,4700.76,9401.52
2028,668,35,2,3866.13,7732.26
2029,668,41,2,4652.58,9305.16
2030,669,96,3,316.03,948.09
2031,669,52,2,135.24,270.48
2032,670,71,1,2172.74,2172.74
2033,670,65,1,347.88,347.88
2034,670,25,3,1141.87,3425.61
2035,670,29,1,2596.68,2596.68
2036,670,41,3,4652.58,13957.74
2037,671,51,2,2982.71,5965.42
2038,671,82,1,2340.4,2340.4
2039,671,73,1,2937.98,2937.98
2040,672,17,1,1462.07,1462.07
2041,672,63,1,1324.05,1324.05
2042,672,96,1,316.03,316.03
2043,673,51,3,2982.71,8948.13
2044,673,16,3,4291.06,12873.18
2045,673,59,3,3399.49,10198.47
2046,673,9,3,1767.23,5301.69
2047,674,53,2,1221.81,2443.62
2048,674,91,2,4459.59,8919.18
2049,675,96,2,316.03,632.06
2050,675,63,1,1324.05,1324.05
2051,676,33,1,2692.66,2692.66
2052,676,37,3,4862.25,14586.75
2053,677,48,1,3593.45,3593.45
2054,677,33,2,2692.66,5385.32
2055,678,94,2,2576.5,5153.0
2056,679,69,3,1956.97,5870.91
2057,679,40,1,3034.83,3034.83
2058,679,16,3,4291.06,12873.18
2059,679,34,1,3433.39,3433.39
2060,679,37,3,4862.25,14586.75
2061,680,8,1,3818.16,3818.16
2062,681,59,2,3399.49,6798.98
2063,681,85,1,749.04,749.04
2064,681,10,3,600.83,1802.49
2065,681,8,2,3818.16,7636.32
2066,682,91,3,4459.59,13378.77
2067,682,49,3,2246.69,6740.07
2068,683,89,3,3372.53,10117.59
2069,683,19,1,3538.92,3538.92
2070,683,6,3,2850.1,8550.3
2071,683,94,3,2576.5,7729.5
2072,684,99,2,648.18,1296.36
2073,684,10,1,600.83,600.83
2074,685,99,2,648.18,1296.36
2075,686,69,1,1956.97,1956.97
2076,686,16,3,4291.06,12873.18
2077,686,67,1,914.92,914.92
2078,686,35,2,3866.13,7732.26
2079,687,31,3,3981.19,11943.57
2080,687,78,2,2936.7,5873.4
2081,687,27,2,3760.37,7520.74
2082,688,90,1,4700.76,4700.76
2083,688,65,3,347.88,1043.64
2084,688,18,2,897.01,1794.02
2085,688,47,2,4825.38,9650.76
2086,689,30,1,4319.4,4319.4
2087,690,77,1,2078.5,2078.5
2088,690,10,3,600.83,1802.49
2089,691,37,2,4862.25,9724.5
2090,692,88,2,3097.22,6194.44
2091,692,66,2,4848.08,9696.16
2092,692,65,1,347.88,347.88
2093,693,44,2,4892.12,9784.24
2094,694,51,2,2982.71,5965.42
2095,694,16,3,4291.06,12873.18
2096,694,60,1,397.0,397.0
2097,695,8,1,3818.16,3818.16
2098,696,24,2,2065.71,4131.42
2099,696,36,2,2230.35,4460.7
2100,697,98,3,2803.23,8409.69
2101,697,10,1,600.83,600.83
2102,697,82,2,2340.4,4680.8
2103,698,21,2,900.67,1801.34
2104,698,2,2,1299.97,2599.94
2105,698,87,2,2247.1,4494.2
2106,698,97,2,3221.86,6443.72
2107,699,76,3,435.75,1307.25
2108,699,91,1,4459.59,4459.59
2109,699,22,1,3454.61,3454.61
2110,699,79,1,2154.2,2154.2
2111,700,86,1,4408.42,4408.42
2112,700,65,2,347.88,695.76
2113,701,23,3,1222.34,3667.02
2114,701,92,2,1434.51,2869.02
2115,701,78,1,2936.7,2936.7
2116,701,7,3,1180.16,3540.48
2117,701,48,2,3593.45,7186.9
2118,702,85,2,749.04,1498.08
2119,702,38,2,4365.54,8731.08
2120,703,12,1,3675.69,3675.69
2121,703,15,1,3340.19,3340.19
2122,703,8,2,3818.16,7636.32
2123,703,58,3,1836.06,5508.18
2124,704,4,3,2993.41,8980.23
2125,704,95,3,552.26,1656.78
2126,704,96,3,316.03,948.09
2127,704,71,3,2172.74,6518.22
2128,704,9,1,1767.23,1767.23
2129,705,48,3,3593.45,10780.35
2130,705,75,3,378.71,1136.13
2131,705,86,3,4408.42,13225.26
2132,705,24,3,2065.71,6197.13
2133,705,34,1,3433.39,3433.39
2134,706,90,2,4700.76,9401.52
2135,706,96,2,316.03,632.06
2136,707,46,1,1398.78,1398.78
2137,707,47,3,4825.38,14476.14
2138,707,25,3,1141.87,3425.61
2139,707,6,1,2850.1,2850.1
2140,708,71,3,2172.74,6518.22
2141,708,72,2,858.5,1717.0
2142,709,61,2,1318.42,2636.84
2143,710,61,1,1318.42,1318.42
2144,710,31,3,3981.19,11943.57
2145,710,87,1,2247.1,2247.1
2146,711,68,1,4336.79,4336.79
2147,711,20,1,3084.74,3084.74
2148,711,38,2,4365.54,8731.08
2149,711,91,2,4459.59,8919.18
2150,712,4,2,2993.41,5986.82
2151,712,50,2,1314.74,2629.48
2152,712,14,1,2929.03,2929.03
2153,712,96,2,316.03,632.06
2154,713,52,2,135.24,270.48
2155,713,14,1,2929.03,2929.03
2156,713,74,3,380.11,1140.33
2157,713,27,3,3760.37,11281.11
2158,714,4,3,2993.41,8980.23
2159,714,67,3,914.92,2744.76
2160,714,56,2,1290.69,2581.38
2161,714,92,3,1434.51,4303.53
2162,714,59,3,3399.49,10198.47
2163,715,99,2,648.18,1296.36
2164,715,46,2,1398.78,2797.56
2165,715,56,1,1290.69,1290.69
2166,715,23,1,1222.34,1222.34
2167,716,14,3,2929.03,8787.09
2168,716,4,2,2993.41,5986.82
2169,716,81,3,1269.56,3808.68
2170,716,64,3,4059.31,12177.93
2171,716,55,2,1149.76,2299.52
2172,717,4,1,2993.41,2993.41
2173,717,36,2,2230.35,4460.7
2174,718,60,3,397.0,1191.0
2175,718,28,3,1873.78,5621.34
2176,718,86,2,4408.42,8816.84
2177,719,85,2,749.04,1498.08
2178,719,6,1,2850.1,2850.1
2179,720,29,1,2596.68,2596.68
2180,720,98,1,2803.23,2803.23
2181,720,84,1,458.98,458.98
2182,720,61,2,1318.42,2636.84
2183,720,23,1,1222.34,1222.34
2184,721,37,3,4862.25,14586.75
2185,721,30,2,4319.4,8638.8
2186,722,23,3,1222.34,3667.02
2187,723,76,2,435.75,871.5
2188,723,63,3,1324.05,3972.15
2189,723,87,3,2247.1,6741.3
2190,723,7,3,1180.16,3540.48
2191,724,65,3,347.88,1043.64
2192,725,35,3,3866.13,11598.39
2193,725,27,2,3760.37,7520.74
2194,725,24,3,2065.71,6197.13
2195,725,73,1,2937.98,2937.98
2196,726,10,1,600.83,600.83
2197,726,5,2,1171.33,2342.66
2198,727,79,3,2154.2,6462.6
2199,727,23,2,1222.34,2444.68
2200,727,18,2,897.01,1794.02
2201,728,51,2,2982.71,5965.42
2202,728,30,2,4319.4,8638.8
2203,729,55,1,1149.76,1149.76
2204,729,15,1,3340.19,3340.19
2205,729,98,2,2803.23,5606.46
2206,729,53,3,1221.81,3665.43
2207,730,55,2,1149.76,2299.52
2208,730,33,3,2692.66,8077.98
2209,730,14,3,2929.03,8787.09
2210,730,3,2,3415.83,6831.66
2211,730,51,3,2982.71,8948.13
2212,731,86,1,4408.42,4408.42
2213,731,9,3,1767.23,5301.69
2214,732,100,3,2773.39,8320.17
2215,732,96,3,316.03,948.09
2216,733,87,3,2247.1,6741.3
2217,733,98,1,2803.23,2803.23
2218,733,27,2,3760.37,7520.74
2219,734,89,3,3372.53,10117.59
2220,734,31,3,3981.19,11943.57
2221,734,42,2,1273.32,2546.64
2222,734,78,3,2936.7,8810.1
2223,734,28,3,1873.78,5621.34
2224,735,28,1,1873.78,1873.78
2225,735,99,3,648.18,1944.54
2226,735,60,1,397.0,397.0
2227,735,24,1,2065.71,2065.71
2228,736,89,1,3372.53,3372.53
2229,737,55,2,1149.76,2299.52
2230,737,89,3,3372.53,10117.59
2231,738,69,3,1956.97,5870.91
2232,739,35,1,3866.13,3866.13
2233,739,90,2,4700.76,9401.52
2234,739,68,2,4336.79,8673.58
2235,739,6,1,2850.1,2850.1
2236,739,45,3,729.12,2187.36
2237,740,13,3,486.12,1458.36
2238,740,63,3,1324.05,3972.15
2239,741,95,3,552.26,1656.78
2240,741,77,2,2078.5,4157.0
2241,741,60,3,397.0,1191.0
2242,741,66,3,4848.08,14544.24
2243,741,74,1,380.11,380.11
2244,742,79,3,2154.2,6462.6
2245,742,19,1,3538.92,3538.92
2246,742,1,1,3233.19,3233.19
2247,743,92,1,1434.51,1434.51
2248,743,52,3,135.24,405.72
2249,743,87,3,2247.1,6741.3
2250,743,36,3,2230.35,6691.05
2251,744,58,3,1836.06,5508.18
2252,744,9,3,1767.23,5301.69
2253,744,93,3,1097.63,3292.89
2254,744,37,1,4862.25,4862.25
2255,744,52,3,135.24,405.72
2256,745,94,3,2576.5,7729.5
2257,745,86,1,4408.42,4408.42
2258,746,88,1,3097.22,3097.22
2259,746,53,2,1221.81,2443.62
2260,746,2,1,1299.97,1299.97
2261,746,38,2,4365.54,8731.08
2262,746,34,2,3433.39,6866.78
2263,747,98,3,2803.23,8409.69
2264,747,83,2,145.65,291.3
2265,748,59,1,3399.49,3399.49
2266,748,8,1,3818.16,3818.16
2267,749,62,3,786.89,2360.67
2268,749,76,2,435.75,871.5
2269,749,28,2,1873.78,3747.56
2270,749,13,3,486.12,1458.36
2271,749,48,3,3593.45,10780.35
2272,750,89,3,3372.53,10117.59
2273,750,68,1,4336.79,4336.79
2274,750,31,1,3981.19,3981.19
2275,751,67,1,914.92,914.92
2276,751,57,2,1033.01,2066.02
2277,751,5,3,1171.33,3513.99
2278,751,44,3,4892.12,14676.36
2279,751,61,2,1318.42,2636.84
2280,752,99,3,648.18,1944.54
2281,752,24,2,2065.71,4131.42
2282,753,11,3,4252.72,12758.16
2283,753,72,3,858.5,2575.5
2284,754,78,1,2936.7,2936.7
2285,755,68,3,4336.79,13010.37
2286,755,100,3,2773.39,8320.17
2287,756,62,3,786.89,2360.67
2288,757,17,2,1462.07,2924.14
2289,758,96,1,316.03,316.03
2290,758,61,3,1318.42,3955.26
2291,758,64,2,4059.31,8118.62
2292,759,70,2,4639.94,9279.88
2293,759,32,1,1985.36,1985.36
2294,759,13,2,486.12,972.24
2295,759,11,3,4252.72,12758.16
2296,760,68,1,4336.79,4336.79
2297,761,27,3,3760.37,11281.11
2298,761,19,1,3538.92,3538.92
2299,761,79,3,2154.2,6462.6
2300,761,50,1,1314.74,1314.74
2301,761,44,1,4892.12,4892.12
2302,762,56,3,1290.69,3872.07
2303,762,54,2,447.2,894.4
2304,763,22,3,3454.61,10363.83
2305,763,41,1,4652.58,4652.58
2306,763,73,3,2937.98,8813.94
2307,763,91,3,4459.59,13378.77
2308,764,47,1,4825.38,4825.38
2309,764,74,1,380.11,380.11
2310,764,80,1,4680.06,4680.06
2311,765,64,3,4059.31,12177.93
2312,765,48,1,3593.45,3593.45
2313,765,6,3,2850.1,8550.3
2314,766,41,2,4652.58,9305.16
2315,766,48,2,3593.45,7186.9
2316,766,20,3,3084.74,9254.22
2317,766,28,2,1873.78,3747.56
2318,767,28,3,1873.78,5621.34
2319,767,13,1,486.12,486.12
2320,767,23,3,1222.34,3667.02
2321,767,99,1,648.18,648.18
2322,768,83,3,145.65,436.95
2323,769,36,2,2230.35,4460.7
2324,770,11,3,4252.72,12758.16
2325,770,50,1,1314.74,1314.74
2326,770,9,2,1767.23,3534.46
2327,771,1,2,3233.19,6466.38
2328,772,42,3,1273.32,3819.96
2329,772,64,2,4059.31,8118.62
2330,773,53,2,1221.81,2443.62
2331,773,29,3,2596.68,7790.04
2332,774,32,3,1985.36,5956.08
2333,775,64,1,4059.31,4059.31
2334,776,42,3,1273.32,3819.96
2335,776,59,1,3399.49,3399.49
2336,776,96,2,316.03,632.06
2337,776,27,1,3760.37,3760.37
2338,776,90,3,4700.76,14102.28
2339,777,97,1,3221.86,3221.86
2340,777,43,1,519.7,519.7
2341,777,42,1,1273.32,1273.32
2342,777,61,1,1318.42,1318.42
2343,777,36,3,2230.35,6691.05
2344,778,59,3,3399.49,10198.47
2345,778,69,3,1956.97,5870.91
2346,779,93,2,1097.63,2195.26
2347,779,22,3,3454.61,10363.83
2348,779,16,3,4291.06,12873.18
2349,779,21,1,900.67,900.67
2350,779,24,2,2065.71,4131.42
2351,780,17,1,1462.07,1462.07
2352,781,29,2,2596.68,5193.36
2353,781,50,1,1314.74,1314.74
2354,781,31,3,3981.19,11943.57
2355,782,88,3,3097.22,9291.66
2356,782,6,1,2850.1,2850.1
2357,782,64,1,4059.31,4059.31
2358,783,21,3,900.67,2702.01
2359,783,11,3,4252.72,12758.16
2360,783,100,2,2773.39,5546.78
2361,784,4,3,2993.41,8980.23
2362,784,51,2,2982.71,5965.42
2363,784,84,2,458.98,917.96
2364,784,2,2,1299.97,2599.94
2365,784,15,1,3340.19,3340.19
2366,785,100,3,2773.39,8320.17
2367,785,46,3,1398.78,4196.34
2368,786,52,1,135.24,135.24
2369,786,98,3,2803.23,8409.69
2370,786,24,3,2065.71,6197.13
2371,787,10,2,600.83,1201.66
2372,787,38,2,4365.54,8731.08
2373,787,80,2,4680.06,9360.12
2374,787,37,2,4862.25,9724.5
2375,788,36,1,2230.35,2230.35
2376,788,43,2,519.7,1039.4
2377,788,17,1,1462.07,1462.07
2378,788,39,3,848.91,2546.73
2379,788,83,1,145.65,145.65
2380,789,10,3,600.83,1802.49
2381,790,13,3,486.12,1458.36
2382,790,86,1,4408.42,4408.42
2383,790,74,3,380.11,1140.33
2384,790,59,3,3399.49,10198.47
2385,790,45,2,729.12,1458.24
2386,791,55,3,1149.76,3449.28
2387,792,34,2,3433.39,6866.78
2388,792,71,3,2172.74,6518.22
2389,792,55,1,1149.76,1149.76
2390,792,57,2,1033.01,2066.02
2391,792,61,2,1318.42,2636.84
2392,793,45,3,729.12,2187.36
2393,793,35,2,3866.13,7732.26
2394,793,31,1,3981.19,3981.19
2395,793,93,2,1097.63,2195.26
2396,793,71,3,2172.74,6518.22
2397,794,56,3,1290.69,3872.07
2398,794,94,1,2576.5,2576.5
2399,794,74,3,380.11,1140.33
2400,795,71,3,2172.74,6518.22
2401,795,47,1,4825.38,4825.38
2402,795,74,3,380.11,1140.33
2403,795,68,1,4336.79,4336.79
2404,795,23,2,1222.34,2444.68
2405,796,75,3,378.71,1136.13
2406,796,14,1,2929.03,2929.03
2407,796,79,3,2154.2,6462.6
2408,796,88,3,3097.22,9291.66
2409,796,55,2,1149.76,2299.52
2410,797,34,1,3433.39,3433.39
2411,797,7,1,1180.16,1180.16
2412,797,35,2,3866.13,7732.26
2413,797,94,2,2576.5,5153.0
2414,798,52,3,135.24,405.72
2415,798,29,2,2596.68,5193.36
2416,799,36,1,2230.35,2230.35
2417,799,66,1,4848.08,4848.08
2418,799,12,3,3675.69,11027.07
2419,799,96,2,316.03,632.06
2420,800,31,3,3981.19,11943.57
2421,800,61,2,1318.42,2636.84
2422,800,14,3,2929.03,8787.09
2423,800,49,2,2246.69,4493.38
2424,800,27,3,3760.37,11281.11
2425,801,98,3,2803.23,8409.69
2426,801,41,2,4652.58,9305.16
2427,801,21,2,900.67,1801.34
2428,801,36,3,2230.35,6691.05
2429,802,26,3,800.07,2400.21
2430,803,3,3,3415.83,10247.49
2431,803,17,2,1462.07,2924.14
2432,804,6,2,2850.1,5700.2
2433,804,29,2,2596.68,5193.36
2434,804,87,3,2247.1,6741.3
2435,805,25,2,1141.87,2283.74
2436,805,45,1,729.12,729.12
2437,806,13,1,486.12,486.12
2438,806,50,1,1314.74,1314.74
2439,806,9,1,1767.23,1767.23
2440,807,57,3,1033.01,3099.03
2441,808,89,3,3372.53,10117.59
2442,808,21,1,900.67,900.67
2443,808,29,2,2596.68,5193.36
2444,809,44,3,4892.12,14676.36
2445,809,3,1,3415.83,3415.83
2446,810,44,1,4892.12,4892.12
2447,811,98,1,2803.23,2803.23
2448,811,46,1,1398.78,1398.78
2449,811,18,3,897.01,2691.03
2450,811,93,3,1097.63,3292.89
2451,811,62,1,786.89,786.89
2452,812,37,2,4862.25,9724.5
2453,812,54,1,447.2,447.2
2454,813,21,3,900.67,2702.01
2455,813,82,3,2340.4,7021.2
2456,813,38,1,4365.54,4365.54
2457,813,93,3,1097.63,3292.89
2458,813,3,3,3415.83,10247.49
2459,814,28,1,1873.78,1873.78
2460,815,80,2,4680.06,9360.12
2461,815,100,1,2773.39,2773.39
2462,815,58,1,1836.06,1836.06
2463,815,18,2,897.01,1794.02
2464,816,95,1,552.26,552.26
2465,816,99,3,648.18,1944.54
2466,816,63,3,1324.05,3972.15
2467,816,21,3,900.67,2702.01
2468,816,94,2,2576.5,5153.0
2469,817,54,2,447.2,894.4
2470,817,21,3,900.67,2702.01
2471,817,77,3,2078.5,6235.5
2472,818,22,1,3454.61,3454.61
2473,818,94,1,2576.5,2576.5
2474,818,19,1,3538.92,3538.92
2475,818,70,1,4639.94,4639.94
2476,819,18,3,897.01,2691.03
2477,819,61,2,1318.42,2636.84
2478,819,55,1,1149.76,1149.76
2479,819,97,3,3221.86,9665.58
2480,819,14,1,2929.03,2929.03
2481,820,34,3,3433.39,10300.17
2482,820,98,1,2803.23,2803.23
2483,820,6,3,2850.1,8550.3
2484,820,42,3,1273.32,3819.96
2485,820,67,1,914.92,914.92
2486,821,54,3,447.2,1341.6
2487,821,57,3,1033.01,3099.03
2488,822,45,3,729.12,2187.36
2489,822,4,2,2993.41,5986.82
2490,822,23,2,1222.34,2444.68
2491,822,35,1,3866.13,3866.13
2492,823,58,2,1836.06,3672.12
2493,823,61,2,1318.42,2636.84
2494,824,25,1,1141.87,1141.87
2495,824,72,2,858.5,1717.0
2496,824,3,1,3415.83,3415.83
2497,824,87,2,2247.1,4494.2
2498,824,36,2,2230.35,4460.7
2499,825,86,2,4408.42,8816.84
2500,826,100,2,2773.39,5546.78
2501,826,58,1,1836.06,1836.06
2502,826,73,1,2937.98,2937.98
2503,826,65,3,347.88,1043.64
2504,827,78,3,2936.7,8810.1
2505,828,67,3,914.92,2744.76
2506,828,50,2,1314.74,2629.48
2507,829,13,2,486.12,972.24
2508,829,8,3,3818.16,11454.48
2509,830,93,2,1097.63,2195.26
2510,830,87,3,2247.1,6741.3
2511,830,17,2,1462.07,2924.14
2512,830,74,3,380.11,1140.33
2513,830,94,2,2576.5,5153.0
2514,831,95,2,552.26,1104.52
2515,831,21,3,900.67,2702.01
2516,832,30,3,4319.4,12958.2
2517,832,8,3,3818.16,11454.48
2518,832,34,2,3433.39,6866.78
2519,833,89,2,3372.53,6745.06
2520,833,18,3,897.01,2691.03
2521,833,56,2,1290.69,2581.38
2522,833,41,3,4652.58,13957.74
2523,833,57,1,1033.01,1033.01
2524,834,17,2,1462.07,2924.14
2525,834,10,3,600.83,1802.49
2526,835,29,2,2596.68,5193.36
2527,835,50,2,1314.74,2629.48
2528,835,73,3,2937.98,8813.94
2529,835,10,3,600.83,1802.49
2530,835,95,3,552.26,1656.78
2531,836,35,2,3866.13,7732.26
2532,836,18,3,897.01,2691.03
2533,837,19,2,3538.92,7077.84
2534,837,45,3,729.12,2187.36
2535,838,60,1,397.0,397.0
2536,838,76,2,435.75,871.5
2537,838,85,1,749.04,749.04
2538,839,39,2,848.91,1697.82
2539,839,57,3,1033.01,3099.03
2540,839,89,3,3372.53,10117.59
2541,839,82,3,2340.4,7021.2
2542,840,75,1,378.71,378.71
2543,840,58,1,1836.06,1836.06
2544,840,12,3,3675.69,11027.07
2545,840,63,2,1324.05,2648.1
2546,840,91,2,4459.59,8919.18
2547,841,43,2,519.7,1039.4
2548,841,3,1,3415.83,3415.83
2549,841,68,1,4336.79,4336.79
2550,841,87,3,2247.1,6741.3
2551,841,93,3,1097.63,3292.89
2552,842,27,1,3760.37,3760.37
2553,842,1,3,3233.19,9699.57
2554,842,2,1,1299.97,1299.97
2555,842,50,2,1314.74,2629.48
2556,842,29,1,2596.68,2596.68
2557,843,39,1,848.91,848.91
2558,843,85,2,749.04,1498.08
2559,844,86,2,4408.42,8816.84
2560,844,78,3,2936.7,8810.1
2561,844,6,1,2850.1,2850.1
2562,844,37,3,4862.25,14586.75
2563,845,15,1,3340.19,3340.19
2564,846,48,3,3593.45,10780.35
2565,846,76,2,435.75,871.5
2566,846,65,2,347.88,695.76
2567,846,14,2,2929.03,5858.06
2568,846,82,1,2340.4,2340.4
2569,847,18,2,897.01,1794.02
2570,847,49,3,2246.69,6740.07
2571,847,5,1,1171.33,1171.33
2572,847,81,2,1269.56,2539.12
2573,848,100,3,2773.39,8320.17
2574,849,44,1,4892.12,4892.12
2575,849,45,3,729.12,2187.36
2576,849,97,2,3221.86,6443.72
2577,850,64,2,4059.31,8118.62
2578,850,34,3,3433.39,10300.17
2579,850,98,2,2803.23,5606.46
2580,850,13,2,486.12,972.24
2581,850,33,3,2692.66,8077.98
2582,851,10,2,600.83,1201.66
2583,851,70,3,4639.94,13919.82
2584,851,53,2,1221.81,2443.62
2585,852,28,1,1873.78,1873.78
2586,852,39,2,848.91,1697.82
2587,852,13,1,486.12,486.12
2588,852,37,2,4862.25,9724.5
2589,853,83,3,145.65,436.95
2590,853,41,3,4652.58,13957.74
2591,854,68,2,4336.79,8673.58
2592,854,87,3,2247.1,6741.3
2593,854,2,3,1299.97,3899.91
2594,854,60,1,397.0,397.0
2595,855,90,2,4700.76,9401.52
2596,855,86,1,4408.42,4408.42
2597,856,51,1,2982.71,2982.71
2598,856,93,3,1097.63,3292.89
2599,856,89,1,3372.53,3372.53
2600,857,52,3,135.24,405.72
2601,857,59,2,3399.49,6798.98
2602,858,97,2,3221.86,6443.72
2603,858,29,3,2596.68,7790.04
2604,859,70,2,4639.94,9279.88
2605,859,22,1,3454.61,3454.61
2606,860,58,3,1836.06,5508.18
2607,860,98,2,2803.23,5606.46
2608,861,4,1,2993.41,2993.41
2609,862,23,3,1222.34,3667.02
2610,862,13,1,486.12,486.12
2611,862,63,3,1324.05,3972.15
2612,862,99,1,648.18,648.18
2613,863,70,2,4639.94,9279.88
2614,863,10,3,600.83,1802.49
2615,863,57,2,1033.01,2066.02
2616,864,47,2,4825.38,9650.76
2617,864,18,2,897.01,1794.02
2618,864,29,1,2596.68,2596.68
2619,864,50,3,1314.74,3944.22
2620,864,19,1,3538.92,3538.92
2621,865,85,2,749.04,1498.08
2622,865,13,3,486.12,1458.36
2623,865,62,1,786.89,786.89
2624,865,3,3,3415.83,10247.49
2625,866,23,2,1222.34,2444.68
2626,866,76,1,435.75,435.75
2627,867,95,3,552.26,1656.78
2628,867,38,1,4365.54,4365.54
2629,867,81,1,1269.56,1269.56
2630,868,28,1,1873.78,1873.78
2631,868,100,2,2773.39,5546.78
2632,868,46,2,1398.78,2797.56
2633,868,14,3,2929.03,8787.09
2634,868,48,2,3593.45,7186.9
2635,869,70,2,4639.94,9279.88
2636,869,95,2,552.26,1104.52
2637,870,77,2,2078.5,4157.0
2638,870,73,2,2937.98,5875.96
2639,871,16,2,4291.06,8582.12
2640,871,86,2,4408.42,8816.84
2641,871,24,2,2065.71,4131.42
2642,872,53,3,1221.81,3665.43
2643,872,82,3,2340.4,7021.2
2644,873,4,1,2993.41,2993.41
2645,873,20,3,3084.74,9254.22
2646,873,21,2,900.67,1801.34
2647,874,94,2,2576.5,5153.0
2648,874,19,1,3538.92,3538.92
2649,875,63,3,1324.05,3972.15
2650,875,2,3,1299.97,3899.91
2651,876,57,2,1033.01,2066.02
2652,876,28,2,1873.78,3747.56
2653,876,23,3,1222.34,3667.02
2654,876,82,3,2340.4,7021.2
2655,877,40,1,3034.83,3034.83
2656,877,11,1,4252.72,4252.72
2657,878,74,2,380.11,760.22
2658,879,64,3,4059.31,12177.93
2659,879,13,3,486.12,1458.36
2660,879,60,2,397.0,794.0
2661,880,77,2,2078.5,4157.0
2662,881,12,3,3675.69,11027.07
2663,881,48,3,3593.45,10780.35
2664,882,15,2,3340.19,6680.38
2665,882,52,2,135.24,270.48
2666,883,51,3,2982.71,8948.13
2667,883,71,2,2172.74,4345.48
2668,883,70,1,4639.94,4639.94
2669,883,1,2,3233.19,6466.38
2670,884,8,1,3818.16,3818.16
2671,884,71,3,2172.74,6518.22
2672,885,75,3,378.71,1136.13
2673,885,77,2,2078.5,4157.0
2674,885,45,1,729.12,729.12
2675,885,34,1,3433.39,3433.39
2676,885,40,1,3034.83,3034.83
2677,886,23,3,1222.34,3667.02
2678,886,47,2,4825.38,9650.76
2679,886,10,3,600.83,1802.49
2680,887,67,2,914.92,1829.84
2681,887,100,2,2773.39,5546.78
2682,887,93,2,1097.63,2195.26
2683,887,14,3,2929.03,8787.09
2684,888,60,2,397.0,794.0
2685,888,92,1,1434.51,1434.51
2686,888,57,1,1033.01,1033.01
2687,888,62,1,786.89,786.89
2688,889,31,3,3981.19,11943.57
2689,889,17,3,1462.07,4386.21
2690,889,25,3,1141.87,3425.61
2691,890,85,1,749.04,749.04
2692,890,78,1,2936.7,2936.7
2693,890,46,1,1398.78,1398.78
2694,890,79,2,2154.2,4308.4
2695,891,77,3,2078.5,6235.5
2696,891,99,1,648.18,648.18
2697,891,59,1,3399.49,3399.49
2698,891,46,2,1398.78,2797.56
2699,892,26,2,800.07,1600.14
2700,892,46,1,1398.78,1398.78
2701,892,43,1,519.7,519.7
2702,892,51,3,2982.71,8948.13
2703,893,61,1,1318.42,1318.42
2704,893,24,3,2065.71,6197.13
2705,894,70,2,4639.94,9279.88
2706,894,35,2,3866.13,7732.26
2707,894,92,2,1434.51,2869.02
2708,895,11,2,4252.72,8505.44
2709,895,56,1,1290.69,1290.69
2710,895,87,3,2247.1,6741.3
2711,895,80,3,4680.06,14040.18
2712,895,23,1,1222.34,1222.34
2713,896,56,2,1290.69,2581.38
2714,896,24,3,2065.71,6197.13
2715,896,13,3,486.12,1458.36
2716,896,26,3,800.07,2400.21
2717,896,27,3,3760.37,11281.11
2718,897,50,3,1314.74,3944.22
2719,897,15,1,3340.19,3340.19
2720,897,95,1,552.26,552.26
2721,897,78,2,2936.7,5873.4
2722,898,68,1,4336.79,4336.79
2723,898,74,2,380.11,760.22
2724,898,10,1,600.83,600.83
2725,899,62,2,786.89,1573.78
2726,899,41,2,4652.58,9305.16
2727,900,22,2,3454.61,6909.22
2728,900,69,2,1956.97,3913.94
2729,900,96,1,316.03,316.03
2730,900,79,2,2154.2,4308.4
2731,901,84,3,458.98,1376.94
2732,902,47,2,4825.38,9650.76
2733,902,96,2,316.03,632.06
2734,902,20,1,3084.74,3084.74
2735,902,19,1,3538.92,3538.92
2736,902,53,3,1221.81,3665.43
2737,903,87,1,2247.1,2247.1
2738,903,72,2,858.5,1717.0
2739,903,65,1,347.88,347.88
2740,903,98,2,2803.23,5606.46
2741,904,93,3,1097.63,3292.89
2742,904,8,3,3818.16,11454.48
2743,904,20,2,3084.74,6169.48
2744,904,12,2,3675.69,7351.38
2745,904,83,3,145.65,436.95
2746,905,78,1,2936.7,2936.7
2747,905,65,1,347.88,347.88
2748,905,93,1,1097.63,1097.63
2749,905,54,1,447.2,447.2
2750,906,32,3,1985.36,5956.08
2751,906,16,2,4291.06,8582.12
2752,906,11,2,4252.72,8505.44
2753,906,96,3,316.03,948.09
2754,907,76,1,435.75,435.75
2755,907,49,1,2246.69,2246.69
2756,907,73,1,2937.98,2937.98
2757,908,94,2,2576.5,5153.0
2758,909,78,3,2936.7,8810.1
2759,909,26,1,800.07,800.07
2760,909,49,1,2246.69,2246.69
2761,909,27,1,3760.37,3760.37
2762,910,28,2,1873.78,3747.56
2763,910,42,2,1273.32,2546.64
2764,911,52,2,135.24,270.48
2765,911,67,2,914.92,1829.84
2766,911,35,3,3866.13,11598.39
2767,911,17,1,1462.07,1462.07
2768,912,43,1,519.7,519.7
2769,912,62,2,786.89,1573.78
2770,913,77,1,2078.5,2078.5
2771,913,8,1,3818.16,3818.16
2772,913,64,2,4059.31,8118.62
2773,913,6,2,2850.1,5700.2
2774,914,36,2,2230.35,4460.7
2775,914,61,2,1318.42,2636.84
2776,915,94,1,2576.5,2576.5
2777,916,97,3,3221.86,9665.58
2778,917,27,2,3760.37,7520.74
2779,917,22,3,3454.61,10363.83
2780,917,76,2,435.75,871.5
2781,917,7,2,1180.16,2360.32
2782,918,15,3,3340.19,10020.57
2783,919,57,2,1033.01,2066.02
2784,919,59,3,3399.49,10198.47
2785,919,52,2,135.24,270.48
2786,920,20,3,3084.74,9254.22
2787,921,13,3,486.12,1458.36
2788,921,20,2,3084.74,6169.48
2789,922,82,3,2340.4,7021.2
2790,922,46,1,1398.78,1398.78
2791,922,37,2,4862.25,9724.5
2792,923,69,3,1956.97,5870.91
2793,924,88,1,3097.22,3097.22
2794,924,93,2,1097.63,2195.26
2795,924,87,1,2247.1,2247.1
2796,924,20,1,3084.74,3084.74
2797,924,2,1,1299.97,1299.97
2798,925,68,2,4336.79,8673.58
2799,925,94,3,2576.5,7729.5
2800,925,100,1,2773.39,2773.39
2801,925,49,1,2246.69,2246.69
2802,925,92,2,1434.51,2869.02
2803,926,30,1,4319.4,4319.4
2804,926,94,1,2576.5,2576.5
2805,926,43,2,519.7,1039.4
2806,926,58,1,1836.06,1836.06
2807,926,96,2,316.03,632.06
2808,927,47,2,4825.38,9650.76
2809,927,55,3,1149.76,3449.28
2810,927,57,1,1033.01,1033.01
2811,928,14,3,2929.03,8787.09
2812,928,51,1,2982.71,2982.71
2813,928,26,2,800.07,1600.14
2814,929,16,3,4291.06,12873.18
2815,929,71,2,2172.74,4345.48
2816,929,14,3,2929.03,8787.09
2817,929,51,3,2982.71,8948.13
2818,930,92,3,1434.51,4303.53
2819,930,41,2,4652.58,9305.16
2820,931,83,3,145.65,436.95
2821,931,91,3,4459.59,13378.77
2822,931,78,1,2936.7,2936.7
2823,932,84,2,458.98,917.96
2824,932,63,2,1324.05,2648.1
2825,932,26,3,800.07,2400.21
2826,932,51,2,2982.71,5965.42
2827,933,11,2,4252.72,8505.44
2828,933,12,3,3675.69,11027.07
2829,933,51,1,2982.71,2982.71
2830,933,20,1,3084.74,3084.74
2831,933,56,3,1290.69,3872.07
2832,934,31,2,3981.19,7962.38
2833,934,2,3,1299.97,3899.91
2834,935,53,2,1221.81,2443.62
2835,935,57,1,1033.01,1033.01
2836,935,51,3,2982.71,8948.13
2837,935,15,3,3340.19,10020.57
2838,935,7,2,1180.16,2360.32
2839,936,54,2,447.2,894.4
2840,936,48,2,3593.45,7186.9
2841,936,10,3,600.83,1802.49
2842,937,10,3,600.83,1802.49
2843,937,95,1,552.26,552.26
2844,937,22,1,3454.61,3454.61
2845,937,19,1,3538.92,3538.92
2846,937,27,1,3760.37,3760.37
2847,938,4,1,2993.41,2993.41
2848,938,24,1,2065.71,2065.71
2849,938,70,1,4639.94,4639.94
2850,938,83,3,145.65,436.95
2851,939,32,3,1985.36,5956.08
2852,939,50,3,1314.74,3944.22
2853,939,78,3,2936.7,8810.1
2854,939,6,3,2850.1,8550.3
2855,940,43,3,519.7,1559.1
2856,940,5,3,1171.33,3513.99
2857,941,99,3,648.18,1944.54
2858,941,73,2,2937.98,5875.96
2859,942,68,2,4336.79,8673.58
2860,943,62,2,786.89,1573.78
2861,943,61,3,1318.42,3955.26
2862,943,98,1,2803.23,2803.23
2863,943,59,3,3399.49,10198.47
2864,944,1,2,3233.19,6466.38
2865,945,99,1,648.18,648.18
2866,945,77,1,2078.5,2078.5
2867,945,31,3,3981.19,11943.57
2868,945,20,1,3084.74,3084.74
2869,945,30,3,4319.4,12958.2
2870,946,84,3,458.98,1376.94
2871,946,28,1,1873.78,1873.78
2872,946,24,3,2065.71,6197.13
2873,946,37,3,4862.25,14586.75
2874,946,16,1,4291.06,4291.06
2875,947,76,3,435.75,1307.25
2876,947,29,1,2596.68,2596.68
2877,947,62,3,786.89,2360.67
2878,947,15,3,3340.19,10020.57
2879,948,18,1,897.01,897.01
2880,948,49,1,2246.69,2246.69
2881,948,35,1,3866.13,3866.13
2882,948,87,3,2247.1,6741.3
2883,949,61,3,1318.42,3955.26
2884,949,41,3,4652.58,13957.74
2885,950,42,3,1273.32,3819.96
2886,950,44,2,4892.12,9784.24
2887,950,14,2,2929.03,5858.06
2888,951,68,3,4336.79,13010.37
2889,951,22,2,3454.61,6909.22
2890,951,19,3,3538.92,10616.76
2891,951,23,1,1222.34,1222.34
2892,952,7,3,1180.16,3540.48
2893,952,5,3,1171.33,3513.99
2894,952,60,2,397.0,794.0
2895,952,84,2,458.98,917.96
2896,953,44,1,4892.12,4892.12
2897,953,60,3,397.0,1191.0
2898,953,84,1,458.98,458.98
2899,953,41,2,4652.58,9305.16
2900,954,88,2,3097.22,6194.44
2901,954,40,1,3034.83,3034.83
2902,955,11,2,4252.72,8505.44
2903,955,74,1,380.11,380.11
2904,956,62,3,786.89,2360.67
2905,956,76,3,435.75,1307.25
2906,956,35,3,3866.13,11598.39
2907,956,59,3,3399.49,10198.47
2908,956,45,1,729.12,729.12
2909,957,26,1,800.07,800.07
2910,957,94,1,2576.5,2576.5
2911,957,1,2,3233.19,6466.38
2912,958,35,1,3866.13,3866.13
2913,958,70,2,4639.94,9279.88
2914,959,59,3,3399.49,10198.47
2915,959,83,1,145.65,145.65
2916,959,30,3,4319.4,12958.2
2917,959,91,1,4459.59,4459.59
2918,960,66,2,4848.08,9696.16
2919,960,98,3,2803.23,8409.69
2920,961,29,3,2596.68,7790.04
2921,962,49,2,2246.69,4493.38
2922,962,71,1,2172.74,2172.74
2923,962,5,1,1171.33,1171.33
2924,962,6,2,2850.1,5700.2
2925,962,74,2,380.11,760.22
2926,963,83,1,145.65,145.65
2927,964,7,3,1180.16,3540.48
2928,965,86,3,4408.42,13225.26
2929,965,45,1,729.12,729.12
2930,965,87,2,2247.1,4494.2
2931,966,18,3,897.01,2691.03
2932,966,6,3,2850.1,8550.3
2933,966,38,1,4365.54,4365.54
2934,967,42,2,1273.32,2546.64
2935,967,11,3,4252.72,12758.16
2936,967,30,3,4319.4,12958.2
2937,967,61,3,1318.42,3955.26
2938,968,42,2,1273.32,2546.64
2939,968,79,1,2154.2,2154.2
2940,968,64,1,4059.31,4059.31
2941,969,66,3,4848.08,14544.24
2942,969,79,1,2154.2,2154.2
2943,969,69,3,1956.97,5870.91
2944,969,46,2,1398.78,2797.56
2945,969,10,2,600.83,1201.66
2946,970,38,3,4365.54,13096.62
2947,970,70,1,4639.94,4639.94
2948,970,99,1,648.18,648.18
2949,970,55,2,1149.76,2299.52
2950,971,48,3,3593.45,10780.35
2951,971,8,3,3818.16,11454.48
2952,971,98,1,2803.23,2803.23
2953,971,71,3,2172.74,6518.22
2954,972,66,1,4848.08,4848.08
2955,972,89,1,3372.53,3372.53
2956,972,32,1,1985.36,1985.36
2957,972,78,2,2936.7,5873.4
2958,972,42,2,1273.32,2546.64
2959,973,8,1,3818.16,3818.16
2960,973,68,1,4336.79,4336.79
2961,973,17,3,1462.07,4386.21
2962,973,91,2,4459.59,8919.18
2963,973,69,2,1956.97,3913.94
2964,974,9,2,1767.23,3534.46
2965,974,42,3,1273.32,3819.96
2966,974,36,3,2230.35,6691.05
2967,975,74,2,380.11,760.22
2968,975,13,3,486.12,1458.36
2969,976,43,1,519.7,519.7
2970,976,92,1,1434.51,1434.51
2971,976,22,1,3454.61,3454.61
2972,976,3,3,3415.83,10247.49
2973,977,60,1,397.0,397.0
2974,978,95,1,552.26,552.26
2975,978,69,2,1956.97,3913.94
2976,978,60,1,397.0,397.0
2977,978,48,2,3593.45,7186.9
2978,978,34,3,3433.39,10300.17
2979,979,18,1,897.01,897.01
2980,979,86,2,4408.42,8816.84
2981,979,34,1,3433.39,3433.39
2982,979,29,3,2596.68,7790.04
2983,980,49,3,2246.69,6740.07
2984,980,100,2,2773.39,5546.78
2985,980,40,3,3034.83,9104.49
2986,980,30,2,4319.4,8638.8
2987,980,95,3,552.26,1656.78
2988,981,76,2,435.75,871.5
2989,982,29,1,2596.68,2596.68
2990,982,47,2,4825.38,9650.76
2991,982,13,1,486.12,486.12
2992,982,95,1,552.26,552.26
2993,982,45,2,729.12,1458.24
2994,983,6,2,2850.1,5700.2
2995,983,35,1,3866.13,3866.13
2996,983,86,2,4408.42,8816.84
2997,983,30,3,4319.4,12958.2
2998,983,73,1,2937.98,2937.98
2999,984,43,3,519.7,1559.1
3000,984,31,3,3981.19,11943.57
3001,984,66,2,4848.08,9696.16
3002,985,55,1,1149.76,1149.76
3003,985,54,2,447.2,894.4
3004,985,11,3,4252.72,12758.16
3005,985,95,3,552.26,1656.78
3006,986,66,3,4848.08,14544.24
3007,986,29,3,2596.68,7790.04
3008,986,27,1,3760.37,3760.37
3009,986,68,1,4336.79,4336.79
3010,987,53,3,1221.81,3665.43
3011,987,90,3,4700.76,14102.28
3012,987,33,1,2692.66,2692.66
3013,987,99,1,648.18,648.18
3014,988,36,2,2230.35,4460.7
3015,988,28,2,1873.78,3747.56
3016,988,5,2,1171.33,2342.66
3017,989,18,2,897.01,1794.02
3018,989,65,3,347.88,1043.64
3019,989,28,2,1873.78,3747.56
3020,990,4,2,2993.41,5986.82
3021,990,35,1,3866.13,3866.13
3022,990,54,3,447.2,1341.6
3023,990,49,2,2246.69,4493.38
3024,990,69,2,1956.97,3913.94
3025,991,25,1,1141.87,1141.87
3026,991,97,1,3221.86,3221.86
3027,991,69,2,1956.97,3913.94
3028,992,84,3,458.98,1376.94
3029,993,8,3,3818.16,11454.48
3030,993,18,3,897.01,2691.03
3031,993,54,1,447.2,447.2
3032,993,19,2,3538.92,7077.84
3033,993,92,1,1434.51,1434.51
3034,994,67,3,914.92,2744.76
3035,994,49,2,2246.69,4493.38
3036,994,87,2,2247.1,4494.2
3037,995,7,3,1180.16,3540.48
3038,995,73,3,2937.98,8813.94
3039,996,67,2,914.92,1829.84
3040,996,32,3,1985.36,5956.08
3041,997,57,2,1033.01,2066.02
3042,997,50,1,1314.74,1314.74
3043,998,54,2,447.2,894.4
3044,998,23,1,1222.34,1222.34
3045,999,25,1,1141.87,1141.87
3046,1000,56,3,1290.69,3872.07
3047,1000,94,1,2576.5,2576.5
3048,1001,58,2,1836.06,3672.12
3049,1001,70,2,4639.94,9279.88
3050,1001,64,2,4059.31,8118.62
3051,1001,35,3,3866.13,11598.39
3052,1002,94,1,2576.5,2576.5
3053,1002,92,1,1434.51,1434.51
3054,1002,28,1,1873.78,1873.78
3055,1003,64,3,4059.31,12177.93
3056,1003,69,2,1956.97,3913.94
3057,1003,26,3,800.07,2400.21
3058,1003,92,3,1434.51,4303.53
3059,1003,87,3,2247.1,6741.3
3060,1004,53,3,1221.81,3665.43
3061,1004,37,1,4862.25,4862.25
3062,1005,35,1,3866.13,3866.13
3063,1005,99,3,648.18,1944.54
3064,1005,39,3,848.91,2546.73
3065,1005,50,2,1314.74,2629.48
3066,1006,65,2,347.88,695.76
3067,1006,57,2,1033.01,2066.02
3068,1007,6,1,2850.1,2850.1
3069,1007,2,1,1299.97,1299.97
3070,1008,26,2,800.07,1600.14
3071,1009,78,1,2936.7,2936.7
3072,1009,42,1,1273.32,1273.32
3073,1010,94,3,2576.5,7729.5
3074,1010,53,2,1221.81,2443.62
3075,1010,65,3,347.88,1043.64
3076,1010,12,2,3675.69,7351.38
3077,1011,48,2,3593.45,7186.9
3078,1011,61,1,1318.42,1318.42
3079,1011,16,3,4291.06,12873.18
3080,1011,30,3,4319.4,12958.2
3081,1012,93,3,1097.63,3292.89
3082,1012,49,3,2246.69,6740.07
3083,1012,53,3,1221.81,3665.43
3084,1012,16,3,4291.06,12873.18
3085,1013,13,3,486.12,1458.36
3086,1014,74,1,380.11,380.11
3087,1015,87,3,2247.1,6741.3
3088,1016,94,1,2576.5,2576.5
3089,1017,41,2,4652.58,9305.16
3090,1017,40,2,3034.83,6069.66
3091,1017,24,1,2065.71,2065.71
3092,1018,98,3,2803.23,8409.69
3093,1019,69,3,1956.97,5870.91
3094,1019,71,2,2172.74,4345.48
3095,1019,62,1,786.89,786.89
3096,1019,53,3,1221.81,3665.43
3097,1020,85,3,749.04,2247.12
3098,1020,12,3,3675.69,11027.07
3099,1020,98,1,2803.23,2803.23
3100,1020,8,2,3818.16,7636.32
3101,1020,92,2,1434.51,2869.02
3102,1021,68,2,4336.79,8673.58
3103,1021,11,3,4252.72,12758.16
3104,1022,7,1,1180.16,1180.16
3105,1022,4,2,2993.41,5986.82
3106,1022,65,2,347.88,695.76
3107,1022,28,3,1873.78,5621.34
3108,1023,48,3,3593.45,10780.35
3109,1023,20,3,3084.74,9254.22
3110,1024,76,3,435.75,1307.25
3111,1024,62,2,786.89,1573.78
3112,1024,8,1,3818.16,3818.16
3113,1024,34,3,3433.39,10300.17
3114,1025,48,3,3593.45,10780.35
3115,1025,1,1,3233.19,3233.19
3116,1025,11,2,4252.72,8505.44
3117,1025,88,3,3097.22,9291.66
3118,1025,84,2,458.98,917.96
3119,1026,42,3,1273.32,3819.96
3120,1026,62,3,786.89,2360.67
3121,1026,61,1,1318.42,1318.42
3122,1027,56,3,1290.69,3872.07
3123,1027,28,1,1873.78,1873.78
3124,1028,92,2,1434.51,2869.02
3125,1028,76,3,435.75,1307.25
3126,1028,22,1,3454.61,3454.61
3127,1028,10,1,600.83,600.83
3128,1029,58,3,1836.06,5508.18
3129,1030,36,2,2230.35,4460.7
3130,1030,95,3,552.26,1656.78
3131,1030,77,1,2078.5,2078.5
3132,1030,27,3,3760.37,11281.11
3133,1031,60,3,397.0,1191.0
3134,1031,59,2,3399.49,6798.98
3135,1031,9,2,1767.23,3534.46
3136,1031,5,2,1171.33,2342.66
3137,1031,68,2,4336.79,8673.58
3138,1032,79,1,2154.2,2154.2
3139,1033,43,1,519.7,519.7
3140,1033,33,1,2692.66,2692.66
3141,1033,97,1,3221.86,3221.86
3142,1033,8,1,3818.16,3818.16
3143,1033,46,1,1398.78,1398.78
3144,1034,26,1,800.07,800.07
3145,1034,65,3,347.88,1043.64
3146,1035,1,2,3233.19,6466.38
3147,1035,8,1,3818.16,3818.16
3148,1035,34,1,3433.39,3433.39
3149,1036,69,1,1956.97,1956.97
3150,1036,26,3,800.07,2400.21
3151,1037,55,3,1149.76,3449.28
3152,1037,1,3,3233.19,9699.57
3153,1037,21,1,900.67,900.67
3154,1037,45,2,729.12,1458.24
3155,1037,88,3,3097.22,9291.66
3156,1038,19,1,3538.92,3538.92
3157,1039,50,1,1314.74,1314.74
3158,1039,97,2,3221.86,6443.72
3159,1039,11,3,4252.72,12758.16
3160,1039,3,1,3415.83,3415.83
3161,1040,72,3,858.5,2575.5
3162,1041,43,3,519.7,1559.1
3163,1041,24,1,2065.71,2065.71
3164,1041,62,3,786.89,2360.67
3165,1041,71,1,2172.74,2172.74
3166,1042,62,3,786.89,2360.67
3167,1042,52,3,135.24,405.72
3168,1042,100,3,2773.39,8320.17
3169,1042,31,1,3981.19,3981.19
3170,1042,86,2,4408.42,8816.84
3171,1043,51,2,2982.71,5965.42
3172,1043,96,3,316.03,948.09
3173,1043,62,2,786.89,1573.78
3174,1044,29,2,2596.68,5193.36
3175,1044,84,1,458.98,458.98
3176,1044,37,3,4862.25,14586.75
3177,1044,6,3,2850.1,8550.3
3178,1044,21,2,900.67,1801.34
3179,1045,56,2,1290.69,2581.38
3180,1045,53,1,1221.81,1221.81
3181,1045,46,3,1398.78,4196.34
3182,1045,6,1,2850.1,2850.1
3183,1046,55,1,1149.76,1149.76
3184,1046,93,1,1097.63,1097.63
3185,1047,48,3,3593.45,10780.35
3186,1048,32,2,1985.36,3970.72
3187,1048,38,1,4365.54,4365.54
3188,1048,76,2,435.75,871.5
3189,1048,58,2,1836.06,3672.12
3190,1049,68,1,4336.79,4336.79
3191,1049,5,3,1171.33,3513.99
3192,1050,99,1,648.18,648.18
3193,1050,5,2,1171.33,2342.66
3194,1050,9,2,1767.23,3534.46
3195,1051,9,1,1767.23,1767.23
3196,1052,18,3,897.01,2691.03
3197,1052,21,3,900.67,2702.01
3198,1052,30,3,4319.4,12958.2
3199,1052,87,1,2247.1,2247.1
3200,1053,43,3,519.7,1559.1
3201,1053,68,2,4336.79,8673.58
3202,1053,74,2,380.11,760.22
3203,1054,86,1,4408.42,4408.42
3204,1054,20,3,3084.74,9254.22
3205,1054,68,2,4336.79,8673.58
3206,1054,82,3,2340.4,7021.2
3207,1055,71,3,2172.74,6518.22
3208,1055,19,1,3538.92,3538.92
3209,1055,6,3,2850.1,8550.3
3210,1055,45,2,729.12,1458.24
3211,1056,11,3,4252.72,12758.16
3212,1056,23,3,1222.34,3667.02
3213,1056,25,1,1141.87,1141.87
3214,1057,40,2,3034.83,6069.66
3215,1057,29,1,2596.68,2596.68
3216,1057,76,1,435.75,435.75
3217,1058,64,2,4059.31,8118.62
3218,1058,86,3,4408.42,13225.26
3219,1058,32,3,1985.36,5956.08
3220,1059,43,1,519.7,519.7
3221,1059,84,3,458.98,1376.94
3222,1059,7,1,1180.16,1180.16
3223,1059,59,2,3399.49,6798.98
3224,1060,47,2,4825.38,9650.76
3225,1061,93,2,1097.63,2195.26
3226,1061,3,2,3415.83,6831.66
3227,1062,19,1,3538.92,3538.92
3228,1062,31,1,3981.19,3981.19
3229,1062,48,2,3593.45,7186.9
3230,1063,4,2,2993.41,5986.82
3231,1064,10,3,600.83,1802.49
3232,1064,87,1,2247.1,2247.1
3233,1064,26,1,800.07,800.07
3234,1064,89,2,3372.53,6745.06
3235,1065,65,2,347.88,695.76
3236,1065,7,2,1180.16,2360.32
3237,1065,91,1,4459.59,4459.59
3238,1065,99,1,648.18,648.18
3239,1065,30,3,4319.4,12958.2
3240,1066,95,3,552.26,1656.78
3241,1066,8,1,3818.16,3818.16
3242,1067,94,1,2576.5,2576.5
3243,1067,76,1,435.75,435.75
3244,1067,25,2,1141.87,2283.74
3245,1067,12,1,3675.69,3675.69
3246,1067,77,3,2078.5,6235.5
3247,1068,55,2,1149.76,2299.52
3248,1068,92,1,1434.51,1434.51
3249,1068,8,1,3818.16,3818.16
3250,1069,83,1,145.65,145.65
3251,1069,98,3,2803.23,8409.69
3252,1069,9,2,1767.23,3534.46
3253,1070,75,1,378.71,378.71
3254,1070,85,1,749.04,749.04
3255,1070,98,2,2803.23,5606.46
3256,1071,93,3,1097.63,3292.89
3257,1071,72,1,858.5,858.5
3258,1071,55,2,1149.76,2299.52
3259,1071,71,1,2172.74,2172.74
3260,1072,36,3,2230.35,6691.05
3261,1073,14,3,2929.03,8787.09
3262,1073,49,2,2246.69,4493.38
3263,1074,1,3,3233.19,9699.57
3264,1074,76,2,435.75,871.5
3265,1075,19,2,3538.92,7077.84
3266,1076,81,2,1269.56,2539.12
3267,1076,64,1,4059.31,4059.31
3268,1076,69,1,1956.97,1956.97
3269,1076,21,1,900.67,900.67
3270,1076,53,2,1221.81,2443.62
3271,1077,39,1,848.91,848.91
3272,1077,70,1,4639.94,4639.94
3273,1077,40,2,3034.83,6069.66
3274,1077,26,2,800.07,1600.14
3275,1078,37,3,4862.25,14586.75
3276,1078,31,3,3981.19,11943.57
3277,1078,48,3,3593.45,10780.35
3278,1078,38,2,4365.54,8731.08
3279,1078,2,3,1299.97,3899.91
3280,1079,8,3,3818.16,11454.48
3281,1079,23,3,1222.34,3667.02
3282,1080,1,3,3233.19,9699.57
3283,1080,84,1,458.98,458.98
3284,1080,86,1,4408.42,4408.42
3285,1080,85,3,749.04,2247.12
3286,1081,37,3,4862.25,14586.75
3287,1081,3,3,3415.83,10247.49
3288,1081,45,3,729.12,2187.36
3289,1082,100,1,2773.39,2773.39
3290,1082,53,3,1221.81,3665.43
3291,1083,80,1,4680.06,4680.06
3292,1083,49,3,2246.69,6740.07
3293,1083,46,3,1398.78,4196.34
3294,1083,50,2,1314.74,2629.48
3295,1084,23,1,1222.34,1222.34
3296,1085,82,2,2340.4,4680.8
3297,1085,98,1,2803.23,2803.23
3298,1085,31,2,3981.19,7962.38
3299,1085,92,2,1434.51,2869.02
3300,1086,36,1,2230.35,2230.35
3301,1086,66,2,4848.08,9696.16
3302,1086,53,3,1221.81,3665.43
3303,1086,71,1,2172.74,2172.74
3304,1086,82,2,2340.4,4680.8
3305,1087,78,3,2936.7,8810.1
3306,1087,51,2,2982.71,5965.42
3307,1087,85,2,749.04,1498.08
3308,1088,34,1,3433.39,3433.39
3309,1088,15,3,3340.19,10020.57
3310,1088,11,1,4252.72,4252.72
3311,1088,19,2,3538.92,7077.84
3312,1088,81,2,1269.56,2539.12
3313,1089,24,2,2065.71,4131.42
3314,1089,69,2,1956.97,3913.94
3315,1089,45,3,729.12,2187.36
3316,1089,34,2,3433.39,6866.78
3317,1089,57,3,1033.01,3099.03
3318,1090,82,3,2340.4,7021.2
3319,1091,76,1,435.75,435.75
3320,1091,95,3,552.26,1656.78
3321,1091,64,3,4059.31,12177.93
3322,1091,58,2,1836.06,3672.12
3323,1092,2,1,1299.97,1299.97
3324,1092,38,2,4365.54,8731.08
3325,1092,100,2,2773.39,5546.78
3326,1092,70,1,4639.94,4639.94
3327,1093,97,2,3221.86,6443.72
3328,1093,40,2,3034.83,6069.66
3329,1093,45,2,729.12,1458.24
3330,1093,58,3,1836.06,5508.18
3331,1093,20,3,3084.74,9254.22
3332,1094,1,3,3233.19,9699.57
3333,1094,10,3,600.83,1802.49
3334,1095,92,2,1434.51,2869.02
3335,1095,76,3,435.75,1307.25
3336,1096,47,2,4825.38,9650.76
3337,1096,23,1,1222.34,1222.34
3338,1096,13,1,486.12,486.12
3339,1096,54,3,447.2,1341.6
3340,1096,65,2,347.88,695.76
3341,1097,13,2,486.12,972.24
3342,1097,71,3,2172.74,6518.22
3343,1097,89,2,3372.53,6745.06
3344,1098,84,3,458.98,1376.94
3345,1098,56,2,1290.69,2581.38
3346,1098,7,1,1180.16,1180.16
3347,1098,60,2,397.0,794.0
3348,1098,5,1,1171.33,1171.33
3349,1099,84,1,458.98,458.98
3350,1100,65,1,347.88,347.88
3351,1100,21,2,900.67,1801.34
3352,1100,78,1,2936.7,2936.7
3353,1101,48,2,3593.45,7186.9
3354,1101,79,3,2154.2,6462.6
3355,1101,30,2,4319.4,8638.8
3356,1101,93,3,1097.63,3292.89
3357,1101,1,2,3233.19,6466.38
3358,1102,27,1,3760.37,3760.37
3359,1102,11,3,4252.72,12758.16
3360,1102,19,1,3538.92,3538.92
3361,1102,70,2,4639.94,9279.88
3362,1102,48,1,3593.45,3593.45
3363,1103,22,2,3454.61,6909.22
3364,1103,88,1,3097.22,3097.22
3365,1103,18,2,897.01,1794.02
3366,1104,98,1,2803.23,2803.23
3367,1105,81,3,1269.56,3808.68
3368,1105,33,2,2692.66,5385.32
3369,1105,71,1,2172.74,2172.74
3370,1105,86,1,4408.42,4408.42
3371,1106,61,2,1318.42,2636.84
3372,1106,70,3,4639.94,13919.82
3373,1106,32,3,1985.36,5956.08
3374,1106,47,2,4825.38,9650.76
3375,1107,92,2,1434.51,2869.02
3376,1107,49,3,2246.69,6740.07
3377,1107,58,2,1836.06,3672.12
3378,1107,31,2,3981.19,7962.38
3379,1107,33,2,2692.66,5385.32
3380,1108,84,1,458.98,458.98
3381,1108,70,3,4639.94,13919.82
3382,1108,76,2,435.75,871.5
3383,1108,13,3,486.12,1458.36
3384,1108,17,1,1462.07,1462.07
3385,1109,90,3,4700.76,14102.28
3386,1109,39,3,848.91,2546.73
3387,1109,60,2,397.0,794.0
3388,1109,59,1,3399.49,3399.49
3389,1110,16,1,4291.06,4291.06
3390,1110,41,3,4652.58,13957.74
3391,1110,4,2,2993.41,5986.82
3392,1111,88,2,3097.22,6194.44
3393,1111,50,2,1314.74,2629.48
3394,1111,48,3,3593.45,10780.35
3395,1111,15,1,3340.19,3340.19
3396,1111,77,3,2078.5,6235.5
3397,1112,21,3,900.67,2702.01
3398,1112,58,3,1836.06,5508.18
3399,1112,61,3,1318.42,3955.26
3400,1112,73,3,2937.98,8813.94
3401,1113,81,3,1269.56,3808.68
3402,1113,95,2,552.26,1104.52
3403,1113,94,3,2576.5,7729.5
3404,1113,70,1,4639.94,4639.94
3405,1113,82,2,2340.4,4680.8
3406,1114,87,2,2247.1,4494.2
3407,1114,91,3,4459.59,13378.77
3408,1114,82,2,2340.4,4680.8
3409,1114,10,3,600.83,1802.49
3410,1115,32,2,1985.36,3970.72
3411,1115,5,1,1171.33,1171.33
3412,1115,70,1,4639.94,4639.94
3413,1116,95,3,552.26,1656.78
3414,1116,68,3,4336.79,13010.37
3415,1116,13,2,486.12,972.24
3416,1117,90,1,4700.76,4700.76
3417,1117,59,3,3399.49,10198.47
3418,1117,35,1,3866.13,3866.13
3419,1117,67,3,914.92,2744.76
3420,1117,23,2,1222.34,2444.68
3421,1118,30,1,4319.4,4319.4
3422,1118,85,1,749.04,749.04
3423,1118,84,3,458.98,1376.94
3424,1118,2,1,1299.97,1299.97
3425,1119,100,2,2773.39,5546.78
3426,1119,91,2,4459.59,8919.18
3427,1119,15,2,3340.19,6680.38
3428,1119,51,1,2982.71,2982.71
3429,1119,24,3,2065.71,6197.13
3430,1120,54,3,447.2,1341.6
3431,1120,8,1,3818.16,3818.16
3432,1120,65,3,347.88,1043.64
3433,1120,68,2,4336.79,8673.58
3434,1120,84,2,458.98,917.96
3435,1121,1,2,3233.19,6466.38
3436,1121,83,1,145.65,145.65
3437,1122,81,1,1269.56,1269.56
3438,1122,17,1,1462.07,1462.07
3439,1122,45,3,729.12,2187.36
3440,1123,22,2,3454.61,6909.22
3441,1123,83,1,145.65,145.65
3442,1123,91,3,4459.59,13378.77
3443,1123,81,2,1269.56,2539.12
3444,1124,88,3,3097.22,9291.66
3445,1124,1,2,3233.19,6466.38
3446,1124,37,1,4862.25,4862.25
3447,1124,36,3,2230.35,6691.05
3448,1124,43,2,519.7,1039.4
3449,1125,63,2,1324.05,2648.1
3450,1125,99,2,648.18,1296.36
3451,1125,53,2,1221.81,2443.62
3452,1125,88,2,3097.22,6194.44
3453,1126,85,2,749.04,1498.08
3454,1126,72,2,858.5,1717.0
3455,1126,80,1,4680.06,4680.06
3456,1126,33,3,2692.66,8077.98
3457,1127,11,2,4252.72,8505.44
3458,1127,88,3,3097.22,9291.66
3459,1127,24,2,2065.71,4131.42
3460,1127,28,3,1873.78,5621.34
3461,1128,9,3,1767.23,5301.69
3462,1129,60,3,397.0,1191.0
3463,1129,66,3,4848.08,14544.24
3464,1129,31,2,3981.19,7962.38
3465,1129,15,2,3340.19,6680.38
3466,1130,88,2,3097.22,6194.44
3467,1131,4,3,2993.41,8980.23
3468,1131,29,3,2596.68,7790.04
3469,1131,3,1,3415.83,3415.83
3470,1131,43,3,519.7,1559.1
3471,1132,49,3,2246.69,6740.07
3472,1132,97,2,3221.86,6443.72
3473,1133,18,2,897.01,1794.02
3474,1133,31,3,3981.19,11943.57
3475,1134,29,1,2596.68,2596.68
3476,1135,25,3,1141.87,3425.61
3477,1136,41,2,4652.58,9305.16
3478,1136,18,1,897.01,897.01
3479,1136,74,1,380.11,380.11
3480,1137,43,3,519.7,1559.1
3481,1138,16,3,4291.06,12873.18
3482,1138,95,3,552.26,1656.78
3483,1139,20,1,3084.74,3084.74
3484,1140,38,1,4365.54,4365.54
3485,1140,90,1,4700.76,4700.76
3486,1140,59,3,3399.49,10198.47
3487,1140,9,1,1767.23,1767.23
3488,1140,74,2,380.11,760.22
3489,1141,25,3,1141.87,3425.61
3490,1142,90,2,4700.76,9401.52
3491,1142,40,3,3034.83,9104.49
3492,1142,80,3,4680.06,14040.18
3493,1143,98,2,2803.23,5606.46
3494,1144,52,1,135.24,135.24
3495,1144,60,2,397.0,794.0
3496,1144,17,2,1462.07,2924.14
3497,1145,46,1,1398.78,1398.78
3498,1145,89,3,3372.53,10117.59
3499,1145,96,2,316.03,632.06
3500,1145,81,1,1269.56,1269.56
3501,1146,19,3,3538.92,10616.76
3502,1146,98,2,2803.23,5606.46
3503,1147,100,2,2773.39,5546.78
3504,1148,18,1,897.01,897.01
3505,1149,27,1,3760.37,3760.37
3506,1149,36,2,2230.35,4460.7
3507,1149,20,1,3084.74,3084.74
3508,1149,1,3,3233.19,9699.57
3509,1150,72,3,858.5,2575.5
3510,1151,62,2,786.89,1573.78
3511,1151,90,3,4700.76,14102.28
3512,1151,95,1,552.26,552.26
3513,1152,28,2,1873.78,3747.56
3514,1152,52,2,135.24,270.48
3515,1152,45,2,729.12,1458.24
3516,1152,70,3,4639.94,13919.82
3517,1153,48,2,3593.45,7186.9
3518,1154,9,1,1767.23,1767.23
3519,1154,71,3,2172.74,6518.22
3520,1154,68,3,4336.79,13010.37
3521,1154,100,2,2773.39,5546.78
3522,1155,42,1,1273.32,1273.32
3523,1155,53,3,1221.81,3665.43
3524,1155,40,3,3034.83,9104.49
3525,1155,27,1,3760.37,3760.37
3526,1156,28,1,1873.78,1873.78
3527,1156,35,2,3866.13,7732.26
3528,1156,38,2,4365.54,8731.08
3529,1157,62,1,786.89,786.89
3530,1157,35,2,3866.13,7732.26
3531,1157,14,3,2929.03,8787.09
3532,1157,72,1,858.5,858.5
3533,1157,40,2,3034.83,6069.66
3534,1158,8,3,3818.16,11454.48
3535,1159,52,3,135.24,405.72
3536,1160,65,1,347.88,347.88
3537,1160,71,1,2172.74,2172.74
3538,1161,94,1,2576.5,2576.5
3539,1161,82,2,2340.4,4680.8
3540,1161,18,2,897.01,1794.02
3541,1161,90,1,4700.76,4700.76
3542,1161,77,3,2078.5,6235.5
3543,1162,54,2,447.2,894.4
3544,1162,75,1,378.71,378.71
3545,1162,89,1,3372.53,3372.53
3546,1162,11,2,4252.72,8505.44
3547,1162,69,1,1956.97,1956.97
3548,1163,71,2,2172.74,4345.48
3549,1164,75,2,378.71,757.42
3550,1164,50,3,1314.74,3944.22
3551,1164,63,3,1324.05,3972.15
3552,1164,7,1,1180.16,1180.16
3553,1164,74,3,380.11,1140.33
3554,1165,23,1,1222.34,1222.34
3555,1166,57,2,1033.01,2066.02
3556,1167,23,1,1222.34,1222.34
3557,1167,44,1,4892.12,4892.12
3558,1168,79,1,2154.2,2154.2
3559,1168,39,2,848.91,1697.82
3560,1168,68,3,4336.79,13010.37
3561,1169,37,1,4862.25,4862.25
3562,1170,17,1,1462.07,1462.07
3563,1170,1,1,3233.19,3233.19
3564,1170,71,1,2172.74,2172.74
3565,1170,51,2,2982.71,5965.42
3566,1170,95,2,552.26,1104.52
3567,1171,25,3,1141.87,3425.61
3568,1172,47,1,4825.38,4825.38
3569,1172,9,1,1767.23,1767.23
3570,1172,16,3,4291.06,12873.18
3571,1173,46,2,1398.78,2797.56
3572,1174,39,3,848.91,2546.73
3573,1174,29,2,2596.68,5193.36
3574,1175,21,3,900.67,2702.01
3575,1175,52,1,135.24,135.24
3576,1176,5,2,1171.33,2342.66
3577,1176,11,1,4252.72,4252.72
3578,1176,27,1,3760.37,3760.37
3579,1176,18,2,897.01,1794.02
3580,1176,84,1,458.98,458.98
3581,1177,45,3,729.12,2187.36
3582,1178,89,2,3372.53,6745.06
3583,1178,14,3,2929.03,8787.09
3584,1178,18,2,897.01,1794.02
3585,1179,1,3,3233.19,9699.57
3586,1179,15,2,3340.19,6680.38
3587,1180,73,1,2937.98,2937.98
3588,1180,86,3,4408.42,13225.26
3589,1181,61,3,1318.42,3955.26
3590,1181,43,2,519.7,1039.4
3591,1182,22,2,3454.61,6909.22
3592,1182,83,2,145.65,291.3
3593,1182,60,1,397.0,397.0
3594,1183,50,3,1314.74,3944.22
3595,1184,78,3,2936.7,8810.1
3596,1184,72,1,858.5,858.5
3597,1184,14,2,2929.03,5858.06
3598,1184,61,3,1318.42,3955.26
3599,1184,64,3,4059.31,12177.93
3600,1185,81,1,1269.56,1269.56
3601,1185,8,1,3818.16,3818.16
3602,1186,3,2,3415.83,6831.66
3603,1186,72,1,858.5,858.5
3604,1186,60,1,397.0,397.0
3605,1186,45,3,729.12,2187.36
3606,1187,73,2,2937.98,5875.96
3607,1187,63,1,1324.05,1324.05
3608,1187,5,2,1171.33,2342.66
3609,1188,64,1,4059.31,4059.31
3610,1188,32,1,1985.36,1985.36
3611,1188,58,3,1836.06,5508.18
3612,1188,41,1,4652.58,4652.58
3613,1189,34,2,3433.39,6866.78
3614,1190,34,3,3433.39,10300.17
3615,1190,42,2,1273.32,2546.64
3616,1191,97,1,3221.86,3221.86
3617,1191,64,3,4059.31,12177.93
3618,1191,18,3,897.01,2691.03
3619,1191,21,2,900.67,1801.34
3620,1192,53,1,1221.81,1221.81
3621,1192,15,1,3340.19,3340.19
3622,1192,44,1,4892.12,4892.12
3623,1193,35,1,3866.13,3866.13
3624,1193,5,1,1171.33,1171.33
3625,1193,82,2,2340.4,4680.8
3626,1193,37,3,4862.25,14586.75
3627,1194,51,1,2982.71,2982.71
3628,1194,35,1,3866.13,3866.13
3629,1194,8,3,3818.16,11454.48
3630,1194,96,2,316.03,632.06
3631,1195,41,2,4652.58,9305.16
3632,1195,84,3,458.98,1376.94
3633,1196,33,1,2692.66,2692.66
3634,1196,15,2,3340.19,6680.38
3635,1196,31,1,3981.19,3981.19
3636,1197,57,2,1033.01,2066.02
3637,1198,96,2,316.03,632.06
3638,1198,7,2,1180.16,2360.32
3639,1198,51,1,2982.71,2982.71
3640,1198,34,2,3433.39,6866.78
3641,1199,27,1,3760.37,3760.37
3642,1199,43,3,519.7,1559.1
3643,1199,37,3,4862.25,14586.75
3644,1199,14,1,2929.03,2929.03
3645,1199,68,3,4336.79,13010.37
3646,1200,20,2,3084.74,6169.48
3647,1201,14,3,2929.03,8787.09
3648,1201,77,2,2078.5,4157.0
3649,1202,55,3,1149.76,3449.28
3650,1202,69,1,1956.97,1956.97
3651,1202,29,1,2596.68,2596.68
3652,1202,80,2,4680.06,9360.12
3653,1203,58,1,1836.06,1836.06
3654,1203,39,3,848.91,2546.73
3655,1203,11,1,4252.72,4252.72
3656,1203,73,2,2937.98,5875.96
3657,1203,83,1,145.65,145.65
3658,1204,89,1,3372.53,3372.53
3659,1204,44,2,4892.12,9784.24
3660,1204,9,3,1767.23,5301.69
3661,1204,31,2,3981.19,7962.38
3662,1204,61,2,1318.42,2636.84
3663,1205,6,2,2850.1,5700.2
3664,1205,100,1,2773.39,2773.39
3665,1205,10,1,600.83,600.83
3666,1205,99,3,648.18,1944.54
3667,1206,67,1,914.92,914.92
3668,1206,54,1,447.2,447.2
3669,1206,22,2,3454.61,6909.22
3670,1206,95,2,552.26,1104.52
3671,1207,80,1,4680.06,4680.06
3672,1208,21,3,900.67,2702.01
3673,1208,89,2,3372.53,6745.06
3674,1209,53,2,1221.81,2443.62
3675,1210,85,1,749.04,749.04
3676,1210,87,2,2247.1,4494.2
3677,1210,3,3,3415.83,10247.49
3678,1210,11,2,4252.72,8505.44
3679,1211,88,2,3097.22,6194.44
3680,1212,3,2,3415.83,6831.66
3681,1213,99,3,648.18,1944.54
3682,1213,57,3,1033.01,3099.03
3683,1213,40,1,3034.83,3034.83
3684,1213,13,3,486.12,1458.36
3685,1213,56,1,1290.69,1290.69
3686,1214,81,3,1269.56,3808.68
3687,1215,81,1,1269.56,1269.56
3688,1216,9,1,1767.23,1767.23
3689,1216,34,2,3433.39,6866.78
3690,1216,63,2,1324.05,2648.1
3691,1216,3,1,3415.83,3415.83
3692,1216,14,3,2929.03,8787.09
3693,1217,46,3,1398.78,4196.34
3694,1217,36,1,2230.35,2230.35
3695,1217,98,1,2803.23,2803.23
3696,1217,62,2,786.89,1573.78
3697,1217,17,1,1462.07,1462.07
3698,1218,12,3,3675.69,11027.07
3699,1218,91,3,4459.59,13378.77
3700,1218,58,3,1836.06,5508.18
3701,1218,44,1,4892.12,4892.12
3702,1219,18,3,897.01,2691.03
3703,1219,23,3,1222.34,3667.02
3704,1219,27,2,3760.37,7520.74
3705,1220,70,2,4639.94,9279.88
3706,1220,96,2,316.03,632.06
3707,1220,36,2,2230.35,4460.7
3708,1221,31,2,3981.19,7962.38
3709,1222,65,2,347.88,695.76
3710,1222,56,2,1290.69,2581.38
3711,1222,99,3,648.18,1944.54
3712,1222,78,2,2936.7,5873.4
3713,1222,32,3,1985.36,5956.08
3714,1223,31,1,3981.19,3981.19
3715,1224,89,1,3372.53,3372.53
3716,1224,77,2,2078.5,4157.0
3717,1224,55,1,1149.76,1149.76
3718,1224,75,1,378.71,378.71
3719,1225,55,2,1149.76,2299.52
3720,1225,86,1,4408.42,4408.42
3721,1226,72,2,858.5,1717.0
3722,1227,94,1,2576.5,2576.5
3723,1227,98,2,2803.23,5606.46
3724,1227,35,2,3866.13,7732.26
3725,1227,78,2,2936.7,5873.4
3726,1227,61,2,1318.42,2636.84
3727,1228,20,1,3084.74,3084.74
3728,1228,8,1,3818.16,3818.16
3729,1229,11,3,4252.72,12758.16
3730,1229,66,2,4848.08,9696.16
3731,1229,58,2,1836.06,3672.12
3732,1229,33,3,2692.66,8077.98
3733,1229,5,2,1171.33,2342.66
3734,1230,70,2,4639.94,9279.88
3735,1230,64,3,4059.31,12177.93
3736,1230,41,3,4652.58,13957.74
3737,1231,13,2,486.12,972.24
3738,1231,86,2,4408.42,8816.84
3739,1231,29,2,2596.68,5193.36
3740,1231,38,3,4365.54,13096.62
3741,1231,54,1,447.2,447.2
3742,1232,69,1,1956.97,1956.97
3743,1232,11,2,4252.72,8505.44
3744,1232,13,2,486.12,972.24
3745,1233,56,1,1290.69,1290.69
3746,1234,98,3,2803.23,8409.69
3747,1234,38,1,4365.54,4365.54
3748,1235,38,1,4365.54,4365.54
3749,1235,51,3,2982.71,8948.13
3750,1236,49,1,2246.69,2246.69
3751,1236,66,1,4848.08,4848.08
3752,1237,74,3,380.11,1140.33
3753,1237,51,1,2982.71,2982.71
3754,1237,47,2,4825.38,9650.76
3755,1238,90,3,4700.76,14102.28
3756,1238,15,3,3340.19,10020.57
3757,1239,17,1,1462.07,1462.07
3758,1239,87,2,2247.1,4494.2
3759,1239,4,2,2993.41,5986.82
3760,1240,69,2,1956.97,3913.94
3761,1240,8,1,3818.16,3818.16
3762,1240,31,1,3981.19,3981.19
3763,1240,48,2,3593.45,7186.9
3764,1240,15,2,3340.19,6680.38
3765,1241,1,1,3233.19,3233.19
3766,1241,23,1,1222.34,1222.34
3767,1241,7,3,1180.16,3540.48
3768,1242,95,3,552.26,1656.78
3769,1242,73,3,2937.98,8813.94
3770,1242,38,2,4365.54,8731.08
3771,1243,73,3,2937.98,8813.94
3772,1243,3,1,3415.83,3415.83
3773,1243,40,3,3034.83,9104.49
3774,1243,77,3,2078.5,6235.5
3775,1243,30,2,4319.4,8638.8
3776,1244,97,1,3221.86,3221.86
3777,1244,1,1,3233.19,3233.19
3778,1244,29,3,2596.68,7790.04
3779,1244,92,3,1434.51,4303.53
3780,1245,6,3,2850.1,8550.3
3781,1245,32,1,1985.36,1985.36
3782,1245,72,2,858.5,1717.0
3783,1245,81,2,1269.56,2539.12
3784,1246,74,3,380.11,1140.33
3785,1246,11,1,4252.72,4252.72
3786,1246,34,3,3433.39,10300.17
3787,1246,1,3,3233.19,9699.57
3788,1246,35,1,3866.13,3866.13
3789,1247,34,3,3433.39,10300.17
3790,1248,7,3,1180.16,3540.48
3791,1249,53,3,1221.81,3665.43
3792,1249,9,3,1767.23,5301.69
3793,1249,91,3,4459.59,13378.77
3794,1250,96,2,316.03,632.06
3795,1250,40,1,3034.83,3034.83
3796,1250,75,3,378.71,1136.13
3797,1251,77,1,2078.5,2078.5
3798,1251,44,2,4892.12,9784.24
3799,1251,94,2,2576.5,5153.0
3800,1252,31,3,3981.19,11943.57
3801,1252,39,1,848.91,848.91
3802,1252,2,1,1299.97,1299.97
3803,1252,24,3,2065.71,6197.13
3804,1253,19,2,3538.92,7077.84
3805,1253,29,2,2596.68,5193.36
3806,1253,72,1,858.5,858.5
3807,1253,69,3,1956.97,5870.91
3808,1254,90,1,4700.76,4700.76
3809,1254,66,3,4848.08,14544.24
3810,1254,93,3,1097.63,3292.89
3811,1254,41,1,4652.58,4652.58
3812,1255,46,3,1398.78,4196.34
3813,1255,45,2,729.12,1458.24
3814,1255,13,1,486.12,486.12
3815,1255,30,3,4319.4,12958.2
3816,1256,86,3,4408.42,13225.26
3817,1256,76,2,435.75,871.5
3818,1256,16,2,4291.06,8582.12
3819,1256,53,1,1221.81,1221.81
3820,1257,29,1,2596.68,2596.68
3821,1257,25,1,1141.87,1141.87
3822,1257,48,1,3593.45,3593.45
3823,1257,67,2,914.92,1829.84
3824,1257,55,2,1149.76,2299.52
3825,1258,59,3,3399.49,10198.47
3826,1258,27,2,3760.37,7520.74
3827,1258,8,2,3818.16,7636.32
3828,1259,33,1,2692.66,2692.66
3829,1259,37,1,4862.25,4862.25
3830,1260,65,1,347.88,347.88
3831,1260,86,3,4408.42,13225.26
3832,1260,35,3,3866.13,11598.39
3833,1260,3,2,3415.83,6831.66
3834,1261,48,1,3593.45,3593.45
3835,1261,80,1,4680.06,4680.06
3836,1262,24,3,2065.71,6197.13
3837,1263,32,2,1985.36,3970.72
3838,1263,31,2,3981.19,7962.38
3839,1263,60,3,397.0,1191.0
3840,1263,41,3,4652.58,13957.74
3841,1263,23,2,1222.34,2444.68
3842,1264,89,3,3372.53,10117.59
3843,1264,7,3,1180.16,3540.48
3844,1264,88,3,3097.22,9291.66
3845,1265,5,3,1171.33,3513.99
3846,1265,60,1,397.0,397.0
3847,1266,97,2,3221.86,6443.72
3848,1266,57,1,1033.01,1033.01
3849,1267,64,3,4059.31,12177.93
3850,1267,33,2,2692.66,5385.32
3851,1267,94,1,2576.5,2576.5
3852,1267,27,2,3760.37,7520.74
3853,1268,49,3,2246.69,6740.07
3854,1269,21,1,900.67,900.67
3855,1269,22,3,3454.61,10363.83
3856,1270,81,3,1269.56,3808.68
3857,1270,75,2,378.71,757.42
3858,1270,68,2,4336.79,8673.58
3859,1271,6,1,2850.1,2850.1
3860,1271,87,3,2247.1,6741.3
3861,1271,17,3,1462.07,4386.21
3862,1272,38,1,4365.54,4365.54
3863,1273,64,2,4059.31,8118.62
3864,1273,40,2,3034.83,6069.66
3865,1273,35,1,3866.13,3866.13
3866,1273,46,1,1398.78,1398.78
3867,1274,49,1,2246.69,2246.69
3868,1274,28,3,1873.78,5621.34
3869,1275,20,3,3084.74,9254.22
3870,1275,84,3,458.98,1376.94
3871,1275,5,3,1171.33,3513.99
3872,1275,19,3,3538.92,10616.76
3873,1275,21,1,900.67,900.67
3874,1276,57,1,1033.01,1033.01
3875,1277,12,2,3675.69,7351.38
3876,1277,83,2,145.65,291.3
3877,1277,49,3,2246.69,6740.07
3878,1277,5,2,1171.33,2342.66
3879,1278,16,3,4291.06,12873.18
3880,1278,86,2,4408.42,8816.84
3881,1278,8,1,3818.16,3818.16
3882,1278,88,3,3097.22,9291.66
3883,1278,33,2,2692.66,5385.32
3884,1279,96,1,316.03,316.03
3885,1280,34,3,3433.39,10300.17
3886,1280,47,1,4825.38,4825.38
3887,1281,49,1,2246.69,2246.69
3888,1281,7,2,1180.16,2360.32
3889,1282,50,1,1314.74,1314.74
3890,1283,12,1,3675.69,3675.69
3891,1283,9,1,1767.23,1767.23
3892,1283,26,1,800.07,800.07
3893,1283,16,1,4291.06,4291.06
3894,1284,15,2,3340.19,6680.38
3895,1285,67,1,914.92,914.92
3896,1286,38,1,4365.54,4365.54
3897,1287,78,1,2936.7,2936.7
3898,1287,97,3,3221.86,9665.58
3899,1288,23,3,1222.34,3667.02
3900,1288,99,2,648.18,1296.36
3901,1289,30,3,4319.4,12958.2
3902,1289,53,3,1221.81,3665.43
3903,1290,22,1,3454.61,3454.61
3904,1290,93,1,1097.63,1097.63
3905,1290,78,3,2936.7,8810.1
3906,1290,6,1,2850.1,2850.1
3907,1290,48,3,3593.45,10780.35
3908,1291,94,1,2576.5,2576.5
3909,1291,13,3,486.12,1458.36
3910,1291,2,1,1299.97,1299.97
3911,1292,54,3,447.2,1341.6
3912,1292,7,2,1180.16,2360.32
3913,1292,12,2,3675.69,7351.38
3914,1292,40,3,3034.83,9104.49
3915,1292,98,3,2803.23,8409.69
3916,1293,64,1,4059.31,4059.31
3917,1294,9,1,1767.23,1767.23
3918,1294,15,3,3340.19,10020.57
3919,1294,4,1,2993.41,2993.41
3920,1294,59,2,3399.49,6798.98
3921,1295,31,1,3981.19,3981.19
3922,1295,53,2,1221.81,2443.62
3923,1295,99,1,648.18,648.18
3924,1296,36,3,2230.35,6691.05
3925,1296,10,2,600.83,1201.66
3926,1296,60,3,397.0,1191.0
3927,1297,45,1,729.12,729.12
3928,1297,86,2,4408.42,8816.84
3929,1297,31,2,3981.19,7962.38
3930,1297,77,2,2078.5,4157.0
3931,1298,92,1,1434.51,1434.51
3932,1298,88,3,3097.22,9291.66
3933,1298,90,2,4700.76,9401.52
3934,1298,28,2,1873.78,3747.56
3935,1299,31,2,3981.19,7962.38
3936,1300,95,3,552.26,1656.78
3937,1301,1,2,3233.19,6466.38
3938,1301,99,3,648.18,1944.54
3939,1301,49,3,2246.69,6740.07
3940,1301,66,3,4848.08,14544.24
3941,1302,55,2,1149.76,2299.52
3942,1302,64,3,4059.31,12177.93
3943,1302,65,3,347.88,1043.64
3944,1302,15,1,3340.19,3340.19
3945,1303,47,2,4825.38,9650.76
3946,1303,12,1,3675.69,3675.69
3947,1304,15,1,3340.19,3340.19
3948,1304,66,1,4848.08,4848.08
3949,1304,43,2,519.7,1039.4
3950,1304,47,3,4825.38,14476.14
3951,1305,32,3,1985.36,5956.08
3952,1305,86,2,4408.42,8816.84
3953,1305,64,3,4059.31,12177.93
3954,1305,69,2,1956.97,3913.94
3955,1305,30,2,4319.4,8638.8
3956,1306,67,2,914.92,1829.84
3957,1306,46,3,1398.78,4196.34
3958,1306,97,2,3221.86,6443.72
3959,1306,2,1,1299.97,1299.97
3960,1307,25,2,1141.87,2283.74
3961,1307,58,2,1836.06,3672.12
3962,1307,28,1,1873.78,1873.78
3963,1308,3,1,3415.83,3415.83
3964,1309,74,3,380.11,1140.33
3965,1309,6,1,2850.1,2850.1
3966,1309,71,1,2172.74,2172.74
3967,1309,14,2,2929.03,5858.06
3968,1310,47,2,4825.38,9650.76
3969,1310,83,3,145.65,436.95
3970,1311,36,3,2230.35,6691.05
3971,1312,32,1,1985.36,1985.36
3972,1312,27,2,3760.37,7520.74
3973,1312,99,3,648.18,1944.54
3974,1312,74,2,380.11,760.22
3975,1313,27,2,3760.37,7520.74
3976,1313,96,3,316.03,948.09
3977,1313,89,3,3372.53,10117.59
3978,1313,37,1,4862.25,4862.25
3979,1313,86,1,4408.42,4408.42
3980,1314,80,2,4680.06,9360.12
3981,1315,64,2,4059.31,8118.62
3982,1315,42,2,1273.32,2546.64
3983,1315,19,1,3538.92,3538.92
3984,1315,100,1,2773.39,2773.39
3985,1316,58,3,1836.06,5508.18
3986,1316,65,1,347.88,347.88
3987,1316,38,2,4365.54,8731.08
3988,1317,85,2,749.04,1498.08
3989,1317,88,1,3097.22,3097.22
3990,1317,45,3,729.12,2187.36
3991,1317,65,3,347.88,1043.64
3992,1318,16,3,4291.06,12873.18
3993,1318,82,2,2340.4,4680.8
3994,1318,29,2,2596.68,5193.36
3995,1318,37,3,4862.25,14586.75
3996,1318,27,1,3760.37,3760.37
3997,1319,5,2,1171.33,2342.66
3998,1319,90,3,4700.76,14102.28
3999,1319,94,2,2576.5,5153.0
4000,1320,27,2,3760.37,7520.74
4001,1320,51,1,2982.71,2982.71
4002,1320,50,1,1314.74,1314.74
4003,1321,80,2,4680.06,9360.12
4004,1321,26,3,800.07,2400.21
4005,1321,44,3,4892.12,14676.36
4006,1322,10,2,600.83,1201.66
4007,1322,92,1,1434.51,1434.51
4008,1322,74,2,380.11,760.22
4009,1323,58,2,1836.06,3672.12
4010,1323,36,1,2230.35,2230.35
4011,1323,78,3,2936.7,8810.1
4012,1323,51,1,2982.71,2982.71
4013,1324,61,3,1318.42,3955.26
4014,1324,64,1,4059.31,4059.31
4015,1324,53,3,1221.81,3665.43
4016,1325,100,2,2773.39,5546.78
4017,1326,65,1,347.88,347.88
4018,1326,44,2,4892.12,9784.24
4019,1326,20,3,3084.74,9254.22
4020,1327,48,2,3593.45,7186.9
4021,1327,82,1,2340.4,2340.4
4022,1327,75,3,378.71,1136.13
4023,1327,42,2,1273.32,2546.64
4024,1328,67,2,914.92,1829.84
4025,1328,1,3,3233.19,9699.57
4026,1328,34,2,3433.39,6866.78
4027,1329,15,1,3340.19,3340.19
4028,1329,47,3,4825.38,14476.14
4029,1329,72,3,858.5,2575.5
4030,1329,12,1,3675.69,3675.69
4031,1330,74,1,380.11,380.11
4032,1330,61,3,1318.42,3955.26
4033,1330,28,2,1873.78,3747.56
4034,1331,65,2,347.88,695.76
4035,1331,53,3,1221.81,3665.43
4036,1332,84,1,458.98,458.98
4037,1332,55,2,1149.76,2299.52
4038,1332,68,2,4336.79,8673.58
4039,1332,36,1,2230.35,2230.35
4040,1332,93,2,1097.63,2195.26
4041,1333,30,3,4319.4,12958.2
4042,1333,45,3,729.12,2187.36
4043,1334,30,1,4319.4,4319.4
4044,1334,91,3,4459.59,13378.77
4045,1334,50,2,1314.74,2629.48
4046,1334,1,2,3233.19,6466.38
4047,1334,57,1,1033.01,1033.01
4048,1335,25,2,1141.87,2283.74
4049,1335,49,1,2246.69,2246.69
4050,1335,72,2,858.5,1717.0
4051,1335,97,1,3221.86,3221.86
4052,1336,14,2,2929.03,5858.06
4053,1336,95,2,552.26,1104.52
4054,1336,7,3,1180.16,3540.48
4055,1336,32,3,1985.36,5956.08
4056,1336,94,2,2576.5,5153.0
4057,1337,14,3,2929.03,8787.09
4058,1337,30,3,4319.4,12958.2
4059,1337,58,2,1836.06,3672.12
4060,1338,41,1,4652.58,4652.58
4061,1338,100,3,2773.39,8320.17
4062,1339,12,3,3675.69,11027.07
4063,1339,44,2,4892.12,9784.24
4064,1340,89,2,3372.53,6745.06
4065,1340,19,3,3538.92,10616.76
4066,1340,18,3,897.01,2691.03
4067,1340,90,3,4700.76,14102.28
4068,1341,100,3,2773.39,8320.17
4069,1342,51,1,2982.71,2982.71
4070,1342,78,1,2936.7,2936.7
4071,1343,74,2,380.11,760.22
4072,1343,15,2,3340.19,6680.38
4073,1343,57,1,1033.01,1033.01
4074,1343,94,3,2576.5,7729.5
4075,1344,23,2,1222.34,2444.68
4076,1344,88,3,3097.22,9291.66
4077,1344,72,1,858.5,858.5
4078,1345,51,2,2982.71,5965.42
4079,1345,25,1,1141.87,1141.87
4080,1346,77,1,2078.5,2078.5
4081,1347,35,2,3866.13,7732.26
4082,1347,24,2,2065.71,4131.42
4083,1347,23,3,1222.34,3667.02
4084,1347,63,1,1324.05,1324.05
4085,1347,32,1,1985.36,1985.36
4086,1348,17,2,1462.07,2924.14
4087,1349,70,3,4639.94,13919.82
4088,1349,36,1,2230.35,2230.35
4089,1350,30,1,4319.4,4319.4
4090,1351,74,2,380.11,760.22
4091,1352,56,2,1290.69,2581.38
4092,1353,43,3,519.7,1559.1
4093,1353,74,3,380.11,1140.33
4094,1353,32,1,1985.36,1985.36
4095,1353,50,3,1314.74,3944.22
4096,1353,39,3,848.91,2546.73
4097,1354,2,2,1299.97,2599.94
4098,1354,69,2,1956.97,3913.94
4099,1354,41,1,4652.58,4652.58
4100,1354,81,1,1269.56,1269.56
4101,1354,44,3,4892.12,14676.36
4102,1355,49,2,2246.69,4493.38
4103,1355,62,3,786.89,2360.67
4104,1355,87,3,2247.1,6741.3
4105,1356,19,2,3538.92,7077.84
4106,1356,41,1,4652.58,4652.58
4107,1357,59,2,3399.49,6798.98
4108,1357,35,2,3866.13,7732.26
4109,1358,78,1,2936.7,2936.7
4110,1358,47,2,4825.38,9650.76
4111,1358,59,3,3399.49,10198.47
4112,1358,58,2,1836.06,3672.12
4113,1358,18,3,897.01,2691.03
4114,1359,75,2,378.71,757.42
4115,1359,98,3,2803.23,8409.69
4116,1359,78,1,2936.7,2936.7
4117,1359,21,2,900.67,1801.34
4118,1360,14,2,2929.03,5858.06
4119,1360,6,1,2850.1,2850.1
4120,1360,24,3,2065.71,6197.13
4121,1361,49,3,2246.69,6740.07
4122,1362,93,2,1097.63,2195.26
4123,1362,32,2,1985.36,3970.72
4124,1362,31,3,3981.19,11943.57
4125,1362,14,3,2929.03,8787.09
4126,1362,3,2,3415.83,6831.66
4127,1363,73,2,2937.98,5875.96
4128,1363,15,2,3340.19,6680.38
4129,1364,71,2,2172.74,4345.48
4130,1364,18,2,897.01,1794.02
4131,1364,10,1,600.83,600.83
4132,1364,82,1,2340.4,2340.4
4133,1365,52,2,135.24,270.48
4134,1365,39,3,848.91,2546.73
4135,1366,23,1,1222.34,1222.34
4136,1366,56,2,1290.69,2581.38
4137,1366,89,1,3372.53,3372.53
4138,1366,6,2,2850.1,5700.2
4139,1367,69,3,1956.97,5870.91
4140,1367,30,2,4319.4,8638.8
4141,1367,28,1,1873.78,1873.78
4142,1368,64,1,4059.31,4059.31
4143,1368,13,2,486.12,972.24
4144,1368,3,2,3415.83,6831.66
4145,1368,66,3,4848.08,14544.24
4146,1368,88,3,3097.22,9291.66
4147,1369,49,3,2246.69,6740.07
4148,1369,98,1,2803.23,2803.23
4149,1369,22,1,3454.61,3454.61
4150,1369,51,3,2982.71,8948.13
4151,1370,2,3,1299.97,3899.91
4152,1370,96,1,316.03,316.03
4153,1370,86,1,4408.42,4408.42
4154,1370,57,2,1033.01,2066.02
4155,1371,13,3,486.12,1458.36
4156,1371,36,1,2230.35,2230.35
4157,1371,19,1,3538.92,3538.92
4158,1372,83,3,145.65,436.95
4159,1372,28,3,1873.78,5621.34
4160,1373,26,2,800.07,1600.14
4161,1373,24,2,2065.71,4131.42
4162,1373,41,3,4652.58,13957.74
4163,1374,99,2,648.18,1296.36
4164,1374,12,2,3675.69,7351.38
4165,1374,53,1,1221.81,1221.81
4166,1374,96,1,316.03,316.03
4167,1374,2,2,1299.97,2599.94
4168,1375,29,3,2596.68,7790.04
4169,1375,28,1,1873.78,1873.78
4170,1375,24,1,2065.71,2065.71
4171,1375,21,1,900.67,900.67
4172,1376,45,1,729.12,729.12
4173,1376,90,2,4700.76,9401.52
4174,1377,85,1,749.04,749.04
4175,1377,91,2,4459.59,8919.18
4176,1378,76,1,435.75,435.75
4177,1378,31,1,3981.19,3981.19
4178,1378,34,2,3433.39,6866.78
4179,1379,77,1,2078.5,2078.5
4180,1380,28,3,1873.78,5621.34
4181,1380,67,2,914.92,1829.84
4182,1380,36,1,2230.35,2230.35
4183,1380,70,1,4639.94,4639.94
4184,1381,14,2,2929.03,5858.06
4185,1381,47,3,4825.38,14476.14
4186,1381,91,2,4459.59,8919.18
4187,1382,80,3,4680.06,14040.18
4188,1382,48,1,3593.45,3593.45
4189,1383,36,2,2230.35,4460.7
4190,1383,50,1,1314.74,1314.74
4191,1384,73,2,2937.98,5875.96
4192,1385,38,1,4365.54,4365.54
4193,1385,63,2,1324.05,2648.1
4194,1385,70,3,4639.94,13919.82
4195,1385,34,3,3433.39,10300.17
4196,1386,67,2,914.92,1829.84
4197,1387,92,3,1434.51,4303.53
4198,1387,12,1,3675.69,3675.69
4199,1387,29,3,2596.68,7790.04
4200,1387,61,2,1318.42,2636.84
4201,1388,8,2,3818.16,7636.32
4202,1388,17,1,1462.07,1462.07
4203,1388,67,1,914.92,914.92
4204,1388,27,3,3760.37,11281.11
4205,1388,58,1,1836.06,1836.06
4206,1389,98,2,2803.23,5606.46
4207,1389,41,2,4652.58,9305.16
4208,1390,27,3,3760.37,11281.11
4209,1390,97,3,3221.86,9665.58
4210,1390,75,1,378.71,378.71
4211,1390,13,1,486.12,486.12
4212,1390,53,2,1221.81,2443.62
4213,1391,87,2,2247.1,4494.2
4214,1391,1,3,3233.19,9699.57
4215,1391,26,2,800.07,1600.14
4216,1392,9,1,1767.23,1767.23
4217,1392,47,3,4825.38,14476.14
4218,1392,100,1,2773.39,2773.39
4219,1392,28,2,1873.78,3747.56
4220,1392,6,1,2850.1,2850.1
4221,1393,1,2,3233.19,6466.38
4222,1393,79,1,2154.2,2154.2
4223,1393,29,1,2596.68,2596.68
4224,1394,46,1,1398.78,1398.78
4225,1394,53,2,1221.81,2443.62
4226,1394,35,1,3866.13,3866.13
4227,1394,54,2,447.2,894.4
4228,1395,37,2,4862.25,9724.5
4229,1395,97,3,3221.86,9665.58
4230,1395,69,2,1956.97,3913.94
4231,1395,95,2,552.26,1104.52
4232,1396,95,3,552.26,1656.78
4233,1396,10,2,600.83,1201.66
4234,1396,100,3,2773.39,8320.17
4235,1397,50,2,1314.74,2629.48
4236,1397,58,3,1836.06,5508.18
4237,1398,28,3,1873.78,5621.34
4238,1398,92,3,1434.51,4303.53
4239,1399,58,1,1836.06,1836.06
4240,1400,51,1,2982.71,2982.71
4241,1400,98,2,2803.23,5606.46
4242,1401,28,2,1873.78,3747.56
4243,1401,93,1,1097.63,1097.63
4244,1401,55,2,1149.76,2299.52
4245,1401,49,1,2246.69,2246.69
4246,1402,16,2,4291.06,8582.12
4247,1402,35,2,3866.13,7732.26
4248,1402,82,2,2340.4,4680.8
4249,1402,34,1,3433.39,3433.39
4250,1402,33,3,2692.66,8077.98
4251,1403,95,1,552.26,552.26
4252,1404,80,3,4680.06,14040.18
4253,1404,32,3,1985.36,5956.08
4254,1405,76,1,435.75,435.75
4255,1405,94,3,2576.5,7729.5
4256,1405,54,1,447.2,447.2
4257,1405,83,3,145.65,436.95
4258,1405,17,3,1462.07,4386.21
4259,1406,67,1,914.92,914.92
4260,1407,52,1,135.24,135.24
4261,1407,18,2,897.01,1794.02
4262,1407,10,3,600.83,1802.49
4263,1408,36,3,2230.35,6691.05
4264,1408,97,1,3221.86,3221.86
4265,1408,77,2,2078.5,4157.0
4266,1409,68,3,4336.79,13010.37
4267,1409,99,3,648.18,1944.54
4268,1409,38,2,4365.54,8731.08
4269,1409,80,2,4680.06,9360.12
4270,1410,88,3,3097.22,9291.66
4271,1410,29,1,2596.68,2596.68
4272,1410,24,2,2065.71,4131.42
4273,1410,91,1,4459.59,4459.59
4274,1410,83,3,145.65,436.95
4275,1411,76,3,435.75,1307.25
4276,1411,52,3,135.24,405.72
4277,1411,13,3,486.12,1458.36
4278,1412,36,3,2230.35,6691.05
4279,1413,77,3,2078.5,6235.5
4280,1414,58,2,1836.06,3672.12
4281,1414,13,1,486.12,486.12
4282,1414,4,2,2993.41,5986.82
4283,1414,62,2,786.89,1573.78
4284,1414,21,1,900.67,900.67
4285,1415,91,1,4459.59,4459.59
4286,1415,62,1,786.89,786.89
4287,1415,14,1,2929.03,2929.03
4288,1415,33,1,2692.66,2692.66
4289,1416,15,3,3340.19,10020.57
4290,1416,37,3,4862.25,14586.75
4291,1416,70,1,4639.94,4639.94
4292,1417,90,3,4700.76,14102.28
4293,1417,4,2,2993.41,5986.82
4294,1417,73,3,2937.98,8813.94
4295,1417,71,3,2172.74,6518.22
4296,1418,16,2,4291.06,8582.12
4297,1419,32,2,1985.36,3970.72
4298,1419,66,2,4848.08,9696.16
4299,1419,39,2,848.91,1697.82
4300,1419,65,3,347.88,1043.64
4301,1420,43,2,519.7,1039.4
4302,1420,25,3,1141.87,3425.61
4303,1420,77,1,2078.5,2078.5
4304,1420,75,2,378.71,757.42
4305,1421,59,3,3399.49,10198.47
4306,1422,14,3,2929.03,8787.09
4307,1422,35,3,3866.13,11598.39
4308,1423,19,3,3538.92,10616.76
4309,1423,71,3,2172.74,6518.22
4310,1423,49,3,2246.69,6740.07
4311,1423,94,3,2576.5,7729.5
4312,1424,1,1,3233.19,3233.19
4313,1424,38,2,4365.54,8731.08
4314,1424,22,2,3454.61,6909.22
4315,1424,31,1,3981.19,3981.19
4316,1425,7,1,1180.16,1180.16
4317,1425,88,3,3097.22,9291.66
4318,1425,20,2,3084.74,6169.48
4319,1426,97,1,3221.86,3221.86
4320,1426,36,1,2230.35,2230.35
4321,1426,48,3,3593.45,10780.35
4322,1426,42,1,1273.32,1273.32
4323,1426,14,3,2929.03,8787.09
4324,1427,65,3,347.88,1043.64
4325,1427,55,3,1149.76,3449.28
4326,1427,16,3,4291.06,12873.18
4327,1427,20,2,3084.74,6169.48
4328,1428,92,3,1434.51,4303.53
4329,1429,6,1,2850.1,2850.1
4330,1429,100,1,2773.39,2773.39
4331,1429,47,2,4825.38,9650.76
4332,1429,85,1,749.04,749.04
4333,1430,36,2,2230.35,4460.7
4334,1430,14,3,2929.03,8787.09
4335,1430,41,3,4652.58,13957.74
4336,1431,39,3,848.91,2546.73
4337,1431,49,2,2246.69,4493.38
4338,1431,6,2,2850.1,5700.2
4339,1431,44,1,4892.12,4892.12
4340,1432,81,2,1269.56,2539.12
4341,1432,43,3,519.7,1559.1
4342,1432,42,1,1273.32,1273.32
4343,1432,53,2,1221.81,2443.62
4344,1432,30,3,4319.4,12958.2
4345,1433,95,1,552.26,552.26
4346,1434,73,3,2937.98,8813.94
4347,1434,43,2,519.7,1039.4
4348,1434,71,3,2172.74,6518.22
4349,1434,65,3,347.88,1043.64
4350,1435,75,3,378.71,1136.13
4351,1435,77,3,2078.5,6235.5
4352,1435,2,2,1299.97,2599.94
4353,1436,18,2,897.01,1794.02
4354,1436,77,1,2078.5,2078.5
4355,1436,25,1,1141.87,1141.87
4356,1436,31,1,3981.19,3981.19
4357,1437,79,3,2154.2,6462.6
4358,1438,60,2,397.0,794.0
4359,1438,41,3,4652.58,13957.74
4360,1439,40,3,3034.83,9104.49
4361,1439,61,3,1318.42,3955.26
4362,1439,65,1,347.88,347.88
4363,1439,13,1,486.12,486.12
4364,1440,94,2,2576.5,5153.0
4365,1440,11,2,4252.72,8505.44
4366,1441,52,3,135.24,405.72
4367,1441,78,3,2936.7,8810.1
4368,1442,10,1,600.83,600.83
4369,1442,77,2,2078.5,4157.0
4370,1442,25,3,1141.87,3425.61
4371,1442,31,1,3981.19,3981.19
4372,1443,70,1,4639.94,4639.94
4373,1443,8,2,3818.16,7636.32
4374,1443,66,1,4848.08,4848.08
4375,1443,21,1,900.67,900.67
4376,1444,43,2,519.7,1039.4
4377,1444,99,2,648.18,1296.36
4378,1444,12,3,3675.69,11027.07
4379,1444,22,3,3454.61,10363.83
4380,1445,15,1,3340.19,3340.19
4381,1445,51,2,2982.71,5965.42
4382,1445,74,2,380.11,760.22
4383,1446,32,3,1985.36,5956.08
4384,1446,82,2,2340.4,4680.8
4385,1446,11,1,4252.72,4252.72
4386,1446,1,3,3233.19,9699.57
4387,1446,8,1,3818.16,3818.16
4388,1447,65,2,347.88,695.76
4389,1447,17,3,1462.07,4386.21
4390,1447,12,1,3675.69,3675.69
4391,1447,53,2,1221.81,2443.62
4392,1447,43,3,519.7,1559.1
4393,1448,64,2,4059.31,8118.62
4394,1449,16,2,4291.06,8582.12
4395,1449,80,3,4680.06,14040.18
4396,1449,74,2,380.11,760.22
4397,1450,31,2,3981.19,7962.38
4398,1450,39,2,848.91,1697.82
4399,1451,98,3,2803.23,8409.69
4400,1451,77,3,2078.5,6235.5
4401,1452,57,1,1033.01,1033.01
4402,1452,74,2,380.11,760.22
4403,1452,29,3,2596.68,7790.04
4404,1452,96,3,316.03,948.09
4405,1453,97,2,3221.86,6443.72
4406,1453,22,1,3454.61,3454.61
4407,1453,33,3,2692.66,8077.98
4408,1454,91,3,4459.59,13378.77
4409,1455,6,1,2850.1,2850.1
4410,1455,1,3,3233.19,9699.57
4411,1456,32,2,1985.36,3970.72
4412,1456,13,2,486.12,972.24
4413,1456,14,1,2929.03,2929.03
4414,1456,91,1,4459.59,4459.59
4415,1457,1,2,3233.19,6466.38
4416,1458,99,1,648.18,648.18
4417,1458,21,3,900.67,2702.01
4418,1459,27,2,3760.37,7520.74
4419,1459,25,1,1141.87,1141.87
4420,1459,44,3,4892.12,14676.36
4421,1460,67,2,914.92,1829.84
4422,1460,19,2,3538.92,7077.84
4423,1461,38,3,4365.54,13096.62
4424,1462,4,3,2993.41,8980.23
4425,1462,29,3,2596.68,7790.04
4426,1462,54,1,447.2,447.2
4427,1462,2,3,1299.97,3899.91
4428,1462,76,1,435.75,435.75
4429,1463,3,1,3415.83,3415.83
4430,1464,18,3,897.01,2691.03
4431,1465,33,3,2692.66,8077.98
4432,1465,7,1,1180.16,1180.16
4433,1466,43,3,519.7,1559.1
4434,1466,68,2,4336.79,8673.58
4435,1467,3,2,3415.83,6831.66
4436,1467,12,3,3675.69,11027.07
4437,1467,93,1,1097.63,1097.63
4438,1467,69,1,1956.97,1956.97
4439,1467,14,3,2929.03,8787.09
4440,1468,82,1,2340.4,2340.4
4441,1468,94,1,2576.5,2576.5
4442,1469,54,1,447.2,447.2
4443,1470,70,1,4639.94,4639.94
4444,1470,72,1,858.5,858.5
4445,1470,66,2,4848.08,9696.16
4446,1470,38,2,4365.54,8731.08
4447,1470,23,3,1222.34,3667.02
4448,1471,98,1,2803.23,2803.23
4449,1471,29,3,2596.68,7790.04
4450,1472,87,2,2247.1,4494.2
4451,1472,68,2,4336.79,8673.58
4452,1473,70,3,4639.94,13919.82
4453,1473,9,2,1767.23,3534.46
4454,1473,67,1,914.92,914.92
4455,1473,80,2,4680.06,9360.12
4456,1473,7,1,1180.16,1180.16
4457,1474,33,1,2692.66,2692.66
4458,1474,97,1,3221.86,3221.86
4459,1474,13,2,486.12,972.24
4460,1474,67,2,914.92,1829.84
4461,1474,60,2,397.0,794.0
4462,1475,42,1,1273.32,1273.32
4463,1475,58,3,1836.06,5508.18
4464,1475,98,3,2803.23,8409.69
4465,1475,86,1,4408.42,4408.42
4466,1476,21,2,900.67,1801.34
4467,1476,47,2,4825.38,9650.76
4468,1476,100,2,2773.39,5546.78
4469,1476,80,3,4680.06,14040.18
4470,1476,87,3,2247.1,6741.3
4471,1477,6,2,2850.1,5700.2
4472,1477,71,1,2172.74,2172.74
4473,1477,81,2,1269.56,2539.12
4474,1478,49,3,2246.69,6740.07
4475,1478,80,2,4680.06,9360.12
4476,1479,74,3,380.11,1140.33
4477,1479,4,3,2993.41,8980.23
4478,1479,100,3,2773.39,8320.17
4479,1479,51,2,2982.71,5965.42
4480,1479,92,3,1434.51,4303.53
4481,1480,73,1,2937.98,2937.98
4482,1480,38,2,4365.54,8731.08
4483,1480,17,1,1462.07,1462.07
4484,1480,63,1,1324.05,1324.05
4485,1481,91,3,4459.59,13378.77
4486,1481,26,3,800.07,2400.21
4487,1482,19,3,3538.92,10616.76
4488,1482,11,2,4252.72,8505.44
4489,1482,34,3,3433.39,10300.17
4490,1482,65,2,347.88,695.76
4491,1482,46,3,1398.78,4196.34
4492,1483,19,3,3538.92,10616.76
4493,1483,75,2,378.71,757.42
4494,1483,90,1,4700.76,4700.76
4495,1483,42,2,1273.32,2546.64
4496,1483,100,3,2773.39,8320.17
4497,1484,69,3,1956.97,5870.91
4498,1485,28,3,1873.78,5621.34
4499,1485,67,3,914.92,2744.76
4500,1485,63,2,1324.05,2648.1
4501,1486,71,2,2172.74,4345.48
4502,1487,49,2,2246.69,4493.38
4503,1488,77,3,2078.5,6235.5
4504,1488,41,3,4652.58,13957.74
4505,1488,63,3,1324.05,3972.15
4506,1488,71,3,2172.74,6518.22
4507,1488,39,3,848.91,2546.73
4508,1489,54,2,447.2,894.4
4509,1489,75,3,378.71,1136.13
4510,1489,34,3,3433.39,10300.17
4511,1490,61,3,1318.42,3955.26
4512,1490,80,3,4680.06,14040.18
4513,1490,49,1,2246.69,2246.69
4514,1490,69,1,1956.97,1956.97
4515,1491,90,2,4700.76,9401.52
4516,1491,81,2,1269.56,2539.12
4517,1492,11,2,4252.72,8505.44
4518,1492,2,1,1299.97,1299.97
4519,1492,40,1,3034.83,3034.83
4520,1492,72,1,858.5,858.5
4521,1493,21,1,900.67,900.67
4522,1493,57,2,1033.01,2066.02
4523,1493,24,1,2065.71,2065.71
4524,1493,3,2,3415.83,6831.66
4525,1494,24,3,2065.71,6197.13
4526,1494,11,3,4252.72,12758.16
4527,1494,36,2,2230.35,4460.7
4528,1494,54,2,447.2,894.4
4529,1494,46,3,1398.78,4196.34
4530,1495,8,3,3818.16,11454.48
4531,1495,5,2,1171.33,2342.66
4532,1495,41,3,4652.58,13957.74
4533,1495,75,2,378.71,757.42
4534,1496,59,2,3399.49,6798.98
4535,1496,22,3,3454.61,10363.83
4536,1497,35,3,3866.13,11598.39
4537,1497,26,1,800.07,800.07
4538,1497,11,3,4252.72,12758.16
4539,1497,62,1,786.89,786.89
4540,1497,53,2,1221.81,2443.62
4541,1498,57,3,1033.01,3099.03
4542,1498,78,2,2936.7,5873.4
4543,1499,24,1,2065.71,2065.71
4544,1499,82,1,2340.4,2340.4
4545,1499,59,2,3399.49,6798.98
4546,1499,3,3,3415.83,10247.49
4547,1500,31,1,3981.19,3981.19
4548,1500,39,2,848.91,1697.82
4549,1501,69,2,1956.97,3913.94
4550,1501,49,2,2246.69,4493.38
4551,1501,3,1,3415.83,3415.83
4552,1502,94,2,2576.5,5153.0
4553,1502,76,1,435.75,435.75
4554,1502,71,2,2172.74,4345.48
4555,1502,69,2,1956.97,3913.94
4556,1502,47,1,4825.38,4825.38
4557,1503,27,1,3760.37,3760.37
4558,1503,50,1,1314.74,1314.74
4559,1503,13,3,486.12,1458.36
4560,1503,12,2,3675.69,7351.38
4561,1504,59,2,3399.49,6798.98
4562,1504,73,3,2937.98,8813.94
4563,1504,97,2,3221.86,6443.72
4564,1504,15,3,3340.19,10020.57
4565,1505,57,2,1033.01,2066.02
4566,1505,27,3,3760.37,11281.11
4567,1505,54,3,447.2,1341.6
4568,1505,53,1,1221.81,1221.81
4569,1506,71,2,2172.74,4345.48
4570,1506,47,3,4825.38,14476.14
4571,1506,20,2,3084.74,6169.48
4572,1506,75,1,378.71,378.71
4573,1507,70,3,4639.94,13919.82
4574,1507,15,3,3340.19,10020.57
4575,1507,65,2,347.88,695.76
4576,1507,3,2,3415.83,6831.66
4577,1507,66,1,4848.08,4848.08
4578,1508,89,3,3372.53,10117.59
4579,1509,57,1,1033.01,1033.01
4580,1510,88,3,3097.22,9291.66
4581,1510,95,3,552.26,1656.78
4582,1510,74,1,380.11,380.11
4583,1511,26,3,800.07,2400.21
4584,1511,85,3,749.04,2247.12
4585,1512,97,3,3221.86,9665.58
4586,1512,39,1,848.91,848.91
4587,1512,80,2,4680.06,9360.12
4588,1512,51,3,2982.71,8948.13
4589,1512,13,1,486.12,486.12
4590,1513,40,1,3034.83,3034.83
4591,1513,38,1,4365.54,4365.54
4592,1513,31,2,3981.19,7962.38
4593,1513,85,1,749.04,749.04
4594,1513,96,1,316.03,316.03
4595,1514,54,2,447.2,894.4
4596,1514,94,1,2576.5,2576.5
4597,1514,25,3,1141.87,3425.61
4598,1514,59,3,3399.49,10198.47
4599,1514,64,2,4059.31,8118.62
4600,1515,98,1,2803.23,2803.23
4601,1515,46,2,1398.78,2797.56
4602,1515,14,2,2929.03,5858.06
4603,1515,18,1,897.01,897.01
4604,1516,48,2,3593.45,7186.9
4605,1516,67,2,914.92,1829.84
4606,1516,73,2,2937.98,5875.96
4607,1516,51,1,2982.71,2982.71
4608,1516,11,1,4252.72,4252.72
4609,1517,78,1,2936.7,2936.7
4610,1517,20,1,3084.74,3084.74
4611,1517,40,2,3034.83,6069.66
4612,1518,40,3,3034.83,9104.49
4613,1518,57,1,1033.01,1033.01
4614,1518,93,1,1097.63,1097.63
4615,1518,88,3,3097.22,9291.66
4616,1519,97,2,3221.86,6443.72
4617,1520,49,2,2246.69,4493.38
4618,1520,50,2,1314.74,2629.48
4619,1521,81,1,1269.56,1269.56
4620,1522,81,3,1269.56,3808.68
4621,1522,70,1,4639.94,4639.94
4622,1522,36,2,2230.35,4460.7
4623,1522,14,3,2929.03,8787.09
4624,1522,71,3,2172.74,6518.22
4625,1523,55,1,1149.76,1149.76
4626,1523,100,2,2773.39,5546.78
4627,1523,2,2,1299.97,2599.94
4628,1524,64,1,4059.31,4059.31
4629,1524,80,2,4680.06,9360.12
4630,1524,26,3,800.07,2400.21
4631,1524,3,1,3415.83,3415.83
4632,1525,33,3,2692.66,8077.98
4633,1525,65,1,347.88,347.88
4634,1525,72,1,858.5,858.5
4635,1525,3,3,3415.83,10247.49
4636,1525,96,3,316.03,948.09
4637,1526,12,2,3675.69,7351.38
4638,1526,80,1,4680.06,4680.06
4639,1526,88,3,3097.22,9291.66
4640,1526,62,3,786.89,2360.67
4641,1527,91,2,4459.59,8919.18
4642,1527,13,3,486.12,1458.36
4643,1528,92,2,1434.51,2869.02
4644,1528,78,3,2936.7,8810.1
4645,1528,21,2,900.67,1801.34
4646,1528,59,1,3399.49,3399.49
4647,1528,71,1,2172.74,2172.74
4648,1529,15,2,3340.19,6680.38
4649,1529,72,3,858.5,2575.5
4650,1529,3,1,3415.83,3415.83
4651,1529,18,1,897.01,897.01
4652,1529,12,1,3675.69,3675.69
4653,1530,47,3,4825.38,14476.14
4654,1530,14,2,2929.03,5858.06
4655,1530,5,2,1171.33,2342.66
4656,1531,87,2,2247.1,4494.2
4657,1531,100,1,2773.39,2773.39
4658,1531,90,1,4700.76,4700.76
4659,1531,43,3,519.7,1559.1
4660,1531,38,3,4365.54,13096.62
4661,1532,80,2,4680.06,9360.12
4662,1533,86,3,4408.42,13225.26
4663,1533,35,3,3866.13,11598.39
4664,1534,11,3,4252.72,12758.16
4665,1534,13,3,486.12,1458.36
4666,1535,25,3,1141.87,3425.61
4667,1535,10,2,600.83,1201.66
4668,1535,30,3,4319.4,12958.2
4669,1536,54,2,447.2,894.4
4670,1536,49,1,2246.69,2246.69
4671,1536,46,2,1398.78,2797.56
4672,1537,83,3,145.65,436.95
4673,1537,25,1,1141.87,1141.87
4674,1538,73,3,2937.98,8813.94
4675,1539,39,2,848.91,1697.82
4676,1539,52,3,135.24,405.72
4677,1539,38,1,4365.54,4365.54
4678,1539,94,3,2576.5,7729.5
4679,1540,83,3,145.65,436.95
4680,1541,94,2,2576.5,5153.0
4681,1541,48,3,3593.45,10780.35
4682,1541,43,2,519.7,1039.4
4683,1542,13,1,486.12,486.12
4684,1543,85,2,749.04,1498.08
4685,1543,69,1,1956.97,1956.97
4686,1544,51,3,2982.71,8948.13
4687,1544,89,3,3372.53,10117.59
4688,1544,19,2,3538.92,7077.84
4689,1545,67,3,914.92,2744.76
4690,1545,68,2,4336.79,8673.58
4691,1545,21,3,900.67,2702.01
4692,1545,50,1,1314.74,1314.74
4693,1545,35,1,3866.13,3866.13
4694,1546,31,2,3981.19,7962.38
4695,1547,2,1,1299.97,1299.97
4696,1547,72,1,858.5,858.5
4697,1547,58,1,1836.06,1836.06
4698,1547,24,3,2065.71,6197.13
4699,1547,12,2,3675.69,7351.38
4700,1548,87,3,2247.1,6741.3
4701,1548,80,2,4680.06,9360.12
4702,1548,24,1,2065.71,2065.71
4703,1548,61,3,1318.42,3955.26
4704,1548,18,1,897.01,897.01
4705,1549,69,3,1956.97,5870.91
4706,1549,86,1,4408.42,4408.42
4707,1549,46,1,1398.78,1398.78
4708,1549,70,3,4639.94,13919.82
4709,1549,33,1,2692.66,2692.66
4710,1550,51,1,2982.71,2982.71
4711,1550,88,3,3097.22,9291.66
4712,1550,42,3,1273.32,3819.96
4713,1550,20,2,3084.74,6169.48
4714,1550,39,1,848.91,848.91
4715,1551,55,3,1149.76,3449.28
4716,1551,38,2,4365.54,8731.08
4717,1551,21,3,900.67,2702.01
4718,1551,72,3,858.5,2575.5
4719,1551,18,2,897.01,1794.02
4720,1552,81,2,1269.56,2539.12
4721,1553,71,2,2172.74,4345.48
4722,1553,5,1,1171.33,1171.33
4723,1553,76,3,435.75,1307.25
4724,1553,86,3,4408.42,13225.26
4725,1554,5,1,1171.33,1171.33
4726,1554,76,3,435.75,1307.25
4727,1554,80,1,4680.06,4680.06
4728,1554,92,1,1434.51,1434.51
4729,1554,26,2,800.07,1600.14
4730,1555,88,1,3097.22,3097.22
4731,1555,19,2,3538.92,7077.84
4732,1555,77,1,2078.5,2078.5
4733,1556,46,1,1398.78,1398.78
4734,1556,7,3,1180.16,3540.48
4735,1556,60,1,397.0,397.0
4736,1556,58,3,1836.06,5508.18
4737,1556,55,2,1149.76,2299.52
4738,1557,30,1,4319.4,4319.4
4739,1557,18,2,897.01,1794.02
4740,1558,1,1,3233.19,3233.19
4741,1559,2,3,1299.97,3899.91
4742,1560,81,1,1269.56,1269.56
4743,1560,54,1,447.2,447.2
4744,1560,65,2,347.88,695.76
4745,1561,19,2,3538.92,7077.84
4746,1562,84,3,458.98,1376.94
4747,1563,8,3,3818.16,11454.48
4748,1564,4,1,2993.41,2993.41
4749,1565,17,1,1462.07,1462.07
4750,1566,86,1,4408.42,4408.42
4751,1566,99,2,648.18,1296.36
4752,1566,18,3,897.01,2691.03
4753,1566,37,3,4862.25,14586.75
4754,1567,75,3,378.71,1136.13
4755,1568,46,2,1398.78,2797.56
4756,1568,41,1,4652.58,4652.58
4757,1568,49,3,2246.69,6740.07
4758,1568,51,2,2982.71,5965.42
4759,1569,59,1,3399.49,3399.49
4760,1569,31,2,3981.19,7962.38
4761,1569,98,2,2803.23,5606.46
4762,1569,14,2,2929.03,5858.06
4763,1569,75,2,378.71,757.42
4764,1570,2,3,1299.97,3899.91
4765,1570,94,3,2576.5,7729.5
4766,1570,33,1,2692.66,2692.66
4767,1571,98,1,2803.23,2803.23
4768,1571,67,1,914.92,914.92
4769,1571,3,1,3415.83,3415.83
4770,1571,56,1,1290.69,1290.69
4771,1571,39,3,848.91,2546.73
4772,1572,41,3,4652.58,13957.74
4773,1572,18,1,897.01,897.01
4774,1573,46,2,1398.78,2797.56
4775,1573,22,2,3454.61,6909.22
4776,1573,54,3,447.2,1341.6
4777,1574,42,1,1273.32,1273.32
4778,1574,28,1,1873.78,1873.78
4779,1575,45,2,729.12,1458.24
4780,1575,24,3,2065.71,6197.13
4781,1575,62,3,786.89,2360.67
4782,1575,73,2,2937.98,5875.96
4783,1575,76,2,435.75,871.5
4784,1576,77,1,2078.5,2078.5
4785,1576,12,2,3675.69,7351.38
4786,1577,58,2,1836.06,3672.12
4787,1577,2,1,1299.97,1299.97
4788,1577,11,3,4252.72,12758.16
4789,1578,97,1,3221.86,3221.86
4790,1578,42,1,1273.32,1273.32
4791,1579,9,1,1767.23,1767.23
4792,1579,22,2,3454.61,6909.22
4793,1579,30,2,4319.4,8638.8
4794,1579,89,1,3372.53,3372.53
4795,1579,7,1,1180.16,1180.16
4796,1580,95,2,552.26,1104.52
4797,1581,31,3,3981.19,11943.57
4798,1581,54,3,447.2,1341.6
4799,1581,93,2,1097.63,2195.26
4800,1581,34,3,3433.39,10300.17
4801,1582,20,2,3084.74,6169.48
4802,1582,43,2,519.7,1039.4
4803,1582,61,2,1318.42,2636.84
4804,1582,36,1,2230.35,2230.35
4805,1582,56,1,1290.69,1290.69
4806,1583,47,2,4825.38,9650.76
4807,1584,57,3,1033.01,3099.03
4808,1584,71,1,2172.74,2172.74
4809,1585,56,2,1290.69,2581.38
4810,1585,23,3,1222.34,3667.02
4811,1586,12,1,3675.69,3675.69
4812,1586,39,2,848.91,1697.82
4813,1586,33,1,2692.66,2692.66
4814,1586,19,1,3538.92,3538.92
4815,1587,75,1,378.71,378.71
4816,1587,86,3,4408.42,13225.26
4817,1587,39,1,848.91,848.91
4818,1588,10,3,600.83,1802.49
4819,1588,48,3,3593.45,10780.35
4820,1589,87,1,2247.1,2247.1
4821,1590,17,2,1462.07,2924.14
4822,1590,13,3,486.12,1458.36
4823,1591,19,1,3538.92,3538.92
4824,1591,77,1,2078.5,2078.5
4825,1591,27,1,3760.37,3760.37
4826,1591,48,1,3593.45,3593.45
4827,1591,67,1,914.92,914.92
4828,1592,55,3,1149.76,3449.28
4829,1593,80,2,4680.06,9360.12
4830,1594,46,2,1398.78,2797.56
4831,1594,57,2,1033.01,2066.02
4832,1595,67,3,914.92,2744.76
4833,1595,40,2,3034.83,6069.66
4834,1595,42,3,1273.32,3819.96
4835,1595,26,1,800.07,800.07
4836,1595,55,1,1149.76,1149.76
4837,1596,54,1,447.2,447.2
4838,1596,3,1,3415.83,3415.83
4839,1597,9,2,1767.23,3534.46
4840,1597,55,3,1149.76,3449.28
4841,1597,52,2,135.24,270.48
4842,1598,19,3,3538.92,10616.76
4843,1599,54,2,447.2,894.4
4844,1599,19,1,3538.92,3538.92
4845,1599,77,2,2078.5,4157.0
4846,1599,62,1,786.89,786.89
4847,1599,1,1,3233.19,3233.19
4848,1600,23,3,1222.34,3667.02
4849,1600,47,3,4825.38,14476.14
4850,1601,41,2,4652.58,9305.16
4851,1602,84,3,458.98,1376.94
4852,1602,50,2,1314.74,2629.48
4853,1603,67,2,914.92,1829.84
4854,1603,83,3,145.65,436.95
4855,1603,91,2,4459.59,8919.18
4856,1604,87,3,2247.1,6741.3
4857,1604,19,3,3538.92,10616.76
4858,1604,25,2,1141.87,2283.74
4859,1605,38,2,4365.54,8731.08
4860,1605,64,3,4059.31,12177.93
4861,1605,12,3,3675.69,11027.07
4862,1605,25,3,1141.87,3425.61
4863,1605,9,1,1767.23,1767.23
4864,1606,79,2,2154.2,4308.4
4865,1606,75,1,378.71,378.71
4866,1607,44,2,4892.12,9784.24
4867,1607,36,3,2230.35,6691.05
4868,1607,27,1,3760.37,3760.37
4869,1607,13,2,486.12,972.24
4870,1608,73,1,2937.98,2937.98
4871,1608,39,2,848.91,1697.82
4872,1609,90,3,4700.76,14102.28
4873,1609,32,1,1985.36,1985.36
4874,1610,15,2,3340.19,6680.38
4875,1610,45,2,729.12,1458.24
4876,1610,74,2,380.11,760.22
4877,1611,63,2,1324.05,2648.1
4878,1611,89,2,3372.53,6745.06
4879,1611,33,2,2692.66,5385.32
4880,1611,22,1,3454.61,3454.61
4881,1612,44,3,4892.12,14676.36
4882,1612,52,1,135.24,135.24
4883,1612,15,2,3340.19,6680.38
4884,1613,85,3,749.04,2247.12
4885,1613,64,3,4059.31,12177.93
4886,1613,6,3,2850.1,8550.3
4887,1613,52,1,135.24,135.24
4888,1613,79,2,2154.2,4308.4
4889,1614,47,2,4825.38,9650.76
4890,1615,25,1,1141.87,1141.87
4891,1615,23,3,1222.34,3667.02
4892,1615,20,2,3084.74,6169.48
4893,1616,23,1,1222.34,1222.34
4894,1616,65,3,347.88,1043.64
4895,1616,62,3,786.89,2360.67
4896,1617,60,2,397.0,794.0
4897,1617,45,1,729.12,729.12
4898,1617,57,2,1033.01,2066.02
4899,1617,54,2,447.2,894.4
4900,1617,62,2,786.89,1573.78
4901,1618,93,3,1097.63,3292.89
4902,1618,30,1,4319.4,4319.4
4903,1618,47,2,4825.38,9650.76
4904,1618,9,3,1767.23,5301.69
4905,1618,82,3,2340.4,7021.2
4906,1619,85,1,749.04,749.04
4907,1619,50,3,1314.74,3944.22
4908,1620,91,3,4459.59,13378.77
4909,1620,6,3,2850.1,8550.3
4910,1620,52,2,135.24,270.48
4911,1620,28,3,1873.78,5621.34
4912,1620,24,2,2065.71,4131.42
4913,1621,30,1,4319.4,4319.4
4914,1621,50,2,1314.74,2629.48
4915,1621,17,3,1462.07,4386.21
4916,1622,44,3,4892.12,14676.36
4917,1622,60,1,397.0,397.0
4918,1622,29,2,2596.68,5193.36
4919,1622,94,1,2576.5,2576.5
4920,1623,97,3,3221.86,9665.58
4921,1623,93,1,1097.63,1097.63
4922,1623,94,2,2576.5,5153.0
4923,1624,98,1,2803.23,2803.23
4924,1624,51,2,2982.71,5965.42
4925,1624,72,2,858.5,1717.0
4926,1625,61,2,1318.42,2636.84
4927,1625,82,2,2340.4,4680.8
4928,1625,13,3,486.12,1458.36
4929,1625,9,1,1767.23,1767.23
4930,1625,53,3,1221.81,3665.43
4931,1626,9,2,1767.23,3534.46
4932,1626,7,3,1180.16,3540.48
4933,1627,17,3,1462.07,4386.21
4934,1627,23,2,1222.34,2444.68
4935,1627,87,2,2247.1,4494.2
4936,1627,13,1,486.12,486.12
4937,1627,43,2,519.7,1039.4
4938,1628,97,2,3221.86,6443.72
4939,1628,15,1,3340.19,3340.19
4940,1629,54,3,447.2,1341.6
4941,1629,38,2,4365.54,8731.08
4942,1629,70,1,4639.94,4639.94
4943,1629,50,1,1314.74,1314.74
4944,1630,68,1,4336.79,4336.79
4945,1630,73,3,2937.98,8813.94
4946,1631,21,1,900.67,900.67
4947,1631,62,1,786.89,786.89
4948,1632,34,2,3433.39,6866.78
4949,1632,81,3,1269.56,3808.68
4950,1633,47,2,4825.38,9650.76
4951,1634,24,2,2065.71,4131.42
4952,1634,36,2,2230.35,4460.7
4953,1634,49,1,2246.69,2246.69
4954,1635,88,2,3097.22,6194.44
4955,1635,10,3,600.83,1802.49
4956,1635,14,1,2929.03,2929.03
4957,1635,17,2,1462.07,2924.14
4958,1636,50,2,1314.74,2629.48
4959,1636,19,2,3538.92,7077.84
4960,1637,54,3,447.2,1341.6
4961,1637,52,3,135.24,405.72
4962,1638,35,3,3866.13,11598.39
4963,1638,71,3,2172.74,6518.22
4964,1638,51,2,2982.71,5965.42
4965,1638,97,2,3221.86,6443.72
4966,1638,27,1,3760.37,3760.37
4967,1639,31,1,3981.19,3981.19
4968,1639,96,2,316.03,632.06
4969,1639,30,3,4319.4,12958.2
4970,1639,15,1,3340.19,3340.19
4971,1640,15,2,3340.19,6680.38
4972,1640,11,2,4252.72,8505.44
4973,1640,74,2,380.11,760.22
4974,1640,92,3,1434.51,4303.53
4975,1640,76,1,435.75,435.75
4976,1641,19,2,3538.92,7077.84
4977,1641,90,3,4700.76,14102.28
4978,1641,8,3,3818.16,11454.48
4979,1641,11,2,4252.72,8505.44
4980,1642,45,2,729.12,1458.24
4981,1642,82,1,2340.4,2340.4
4982,1643,94,2,2576.5,5153.0
4983,1643,40,2,3034.83,6069.66
4984,1643,28,3,1873.78,5621.34
4985,1643,13,1,486.12,486.12
4986,1644,74,3,380.11,1140.33
4987,1644,59,1,3399.49,3399.49
4988,1644,52,1,135.24,135.24
4989,1644,15,1,3340.19,3340.19
4990,1645,41,2,4652.58,9305.16
4991,1645,82,3,2340.4,7021.2
4992,1645,7,1,1180.16,1180.16
4993,1645,34,3,3433.39,10300.17
4994,1645,18,3,897.01,2691.03
4995,1646,1,3,3233.19,9699.57
4996,1646,6,1,2850.1,2850.1
4997,1646,55,2,1149.76,2299.52
4998,1646,63,1,1324.05,1324.05
4999,1647,71,2,2172.74,4345.48
5000,1647,63,2,1324.05,2648.1
5001,1647,69,1,1956.97,1956.97
5002,1648,98,2,2803.23,5606.46
5003,1649,27,2,3760.37,7520.74
5004,1649,100,2,2773.39,5546.78
5005,1649,21,3,900.67,2702.01
5006,1649,32,2,1985.36,3970.72
5007,1650,31,2,3981.19,7962.38
5008,1651,17,2,1462.07,2924.14
5009,1651,20,3,3084.74,9254.22
5010,1652,10,1,600.83,600.83
5011,1653,66,1,4848.08,4848.08
5012,1653,39,2,848.91,1697.82
5013,1653,61,2,1318.42,2636.84
5014,1653,4,1,2993.41,2993.41
5015,1654,93,1,1097.63,1097.63
5016,1654,73,1,2937.98,2937.98
5017,1654,53,2,1221.81,2443.62
5018,1654,16,1,4291.06,4291.06
5019,1654,41,3,4652.58,13957.74
5020,1655,10,3,600.83,1802.49
5021,1656,25,1,1141.87,1141.87
5022,1656,32,1,1985.36,1985.36
5023,1656,77,3,2078.5,6235.5
5024,1657,57,1,1033.01,1033.01
5025,1657,82,2,2340.4,4680.8
5026,1657,61,3,1318.42,3955.26
5027,1657,62,1,786.89,786.89
5028,1657,95,3,552.26,1656.78
5029,1658,69,2,1956.97,3913.94
5030,1659,35,3,3866.13,11598.39
5031,1660,17,1,1462.07,1462.07
5032,1660,18,1,897.01,897.01
5033,1660,50,2,1314.74,2629.48
5034,1660,1,1,3233.19,3233.19
5035,1661,8,1,3818.16,3818.16
5036,1661,16,1,4291.06,4291.06
5037,1661,55,2,1149.76,2299.52
5038,1661,23,1,1222.34,1222.34
5039,1662,6,1,2850.1,2850.1
5040,1662,23,3,1222.34,3667.02
5041,1663,80,2,4680.06,9360.12
5042,1664,39,2,848.91,1697.82
5043,1664,22,3,3454.61,10363.83
5044,1664,16,3,4291.06,12873.18
5045,1665,19,2,3538.92,7077.84
5046,1665,10,2,600.83,1201.66
5047,1665,33,1,2692.66,2692.66
5048,1665,93,1,1097.63,1097.63
5049,1665,42,1,1273.32,1273.32
5050,1666,94,1,2576.5,2576.5
5051,1666,46,2,1398.78,2797.56
5052,1667,20,1,3084.74,3084.74
5053,1667,65,2,347.88,695.76
5054,1667,97,1,3221.86,3221.86
5055,1667,46,1,1398.78,1398.78
5056,1668,72,2,858.5,1717.0
5057,1668,54,1,447.2,447.2
5058,1668,76,1,435.75,435.75
5059,1668,14,1,2929.03,2929.03
5060,1668,48,2,3593.45,7186.9
5061,1669,32,1,1985.36,1985.36
5062,1669,20,3,3084.74,9254.22
5063,1669,19,3,3538.92,10616.76
5064,1669,92,3,1434.51,4303.53
5065,1670,56,3,1290.69,3872.07
5066,1671,37,3,4862.25,14586.75
5067,1671,10,3,600.83,1802.49
5068,1671,51,1,2982.71,2982.71
5069,1671,7,2,1180.16,2360.32
5070,1672,48,3,3593.45,10780.35
5071,1672,44,2,4892.12,9784.24
5072,1672,31,1,3981.19,3981.19
5073,1673,59,2,3399.49,6798.98
5074,1673,88,2,3097.22,6194.44
5075,1673,25,3,1141.87,3425.61
5076,1673,85,3,749.04,2247.12
5077,1673,33,3,2692.66,8077.98
5078,1674,55,1,1149.76,1149.76
5079,1675,94,2,2576.5,5153.0
5080,1676,45,3,729.12,2187.36
5081,1676,8,1,3818.16,3818.16
5082,1677,25,2,1141.87,2283.74
5083,1677,16,1,4291.06,4291.06
5084,1677,58,1,1836.06,1836.06
5085,1677,52,2,135.24,270.48
5086,1678,87,3,2247.1,6741.3
5087,1678,20,3,3084.74,9254.22
5088,1679,28,1,1873.78,1873.78
5089,1679,67,2,914.92,1829.84
5090,1679,42,2,1273.32,2546.64
5091,1680,24,3,2065.71,6197.13
5092,1681,13,1,486.12,486.12
5093,1681,53,1,1221.81,1221.81
5094,1681,79,3,2154.2,6462.6
5095,1682,97,3,3221.86,9665.58
5096,1682,17,1,1462.07,1462.07
5097,1683,76,3,435.75,1307.25
5098,1683,65,2,347.88,695.76
5099,1684,33,3,2692.66,8077.98
5100,1684,3,1,3415.83,3415.83
5101,1684,15,1,3340.19,3340.19
5102,1684,51,2,2982.71,5965.42
5103,1685,59,3,3399.49,10198.47
5104,1686,22,1,3454.61,3454.61
5105,1686,94,1,2576.5,2576.5
5106,1687,78,1,2936.7,2936.7
5107,1687,65,3,347.88,1043.64
5108,1688,12,2,3675.69,7351.38
5109,1688,57,1,1033.01,1033.01
5110,1688,78,3,2936.7,8810.1
5111,1688,74,1,380.11,380.11
5112,1689,14,1,2929.03,2929.03
5113,1689,42,2,1273.32,2546.64
5114,1689,57,2,1033.01,2066.02
5115,1689,66,3,4848.08,14544.24
5116,1689,19,2,3538.92,7077.84
5117,1690,99,1,648.18,648.18
5118,1690,30,2,4319.4,8638.8
5119,1690,82,2,2340.4,4680.8
5120,1690,46,2,1398.78,2797.56
5121,1691,18,3,897.01,2691.03
5122,1691,71,3,2172.74,6518.22
5123,1691,9,3,1767.23,5301.69
5124,1691,50,2,1314.74,2629.48
5125,1692,99,1,648.18,648.18
5126,1692,11,2,4252.72,8505.44
5127,1692,43,2,519.7,1039.4
5128,1692,96,1,316.03,316.03
5129,1693,62,3,786.89,2360.67
5130,1693,94,3,2576.5,7729.5
5131,1694,40,2,3034.83,6069.66
5132,1694,42,2,1273.32,2546.64
5133,1694,23,2,1222.34,2444.68
5134,1694,59,2,3399.49,6798.98
5135,1695,22,2,3454.61,6909.22
5136,1696,45,1,729.12,729.12
5137,1696,63,1,1324.05,1324.05
5138,1697,94,3,2576.5,7729.5
5139,1697,99,3,648.18,1944.54
5140,1697,75,2,378.71,757.42
5141,1697,62,2,786.89,1573.78
5142,1697,44,2,4892.12,9784.24
5143,1698,7,2,1180.16,2360.32
5144,1698,4,2,2993.41,5986.82
5145,1698,85,2,749.04,1498.08
5146,1699,9,2,1767.23,3534.46
5147,1700,34,2,3433.39,6866.78
5148,1701,49,2,2246.69,4493.38
5149,1701,96,3,316.03,948.09
5150,1701,66,2,4848.08,9696.16
5151,1701,99,3,648.18,1944.54
5152,1702,55,3,1149.76,3449.28
5153,1702,60,1,397.0,397.0
5154,1702,27,3,3760.37,11281.11
5155,1703,37,1,4862.25,4862.25
5156,1703,34,2,3433.39,6866.78
5157,1704,76,3,435.75,1307.25
5158,1704,19,3,3538.92,10616.76
5159,1704,8,3,3818.16,11454.48
5160,1705,63,2,1324.05,2648.1
5161,1705,96,3,316.03,948.09
5162,1706,99,2,648.18,1296.36
5163,1706,54,1,447.2,447.2
5164,1707,84,1,458.98,458.98
5165,1707,81,1,1269.56,1269.56
5166,1708,14,2,2929.03,5858.06
5167,1708,30,3,4319.4,12958.2
5168,1708,31,3,3981.19,11943.57
5169,1708,87,1,2247.1,2247.1
5170,1709,65,1,347.88,347.88
5171,1709,56,2,1290.69,2581.38
5172,1709,55,2,1149.76,2299.52
5173,1709,21,3,900.67,2702.01
5174,1710,13,3,486.12,1458.36
5175,1710,38,2,4365.54,8731.08
5176,1710,93,3,1097.63,3292.89
5177,1710,1,2,3233.19,6466.38
5178,1710,59,3,3399.49,10198.47
5179,1711,27,1,3760.37,3760.37
5180,1712,14,1,2929.03,2929.03
5181,1712,33,2,2692.66,5385.32
5182,1712,23,3,1222.34,3667.02
5183,1713,6,3,2850.1,8550.3
5184,1713,7,2,1180.16,2360.32
5185,1713,47,1,4825.38,4825.38
5186,1713,1,1,3233.19,3233.19
5187,1714,39,3,848.91,2546.73
5188,1715,38,3,4365.54,13096.62
5189,1715,27,2,3760.37,7520.74
5190,1715,17,1,1462.07,1462.07
5191,1716,16,1,4291.06,4291.06
5192,1716,99,2,648.18,1296.36
5193,1717,81,2,1269.56,2539.12
5194,1718,33,1,2692.66,2692.66
5195,1718,84,1,458.98,458.98
5196,1719,24,2,2065.71,4131.42
5197,1719,48,2,3593.45,7186.9
5198,1720,34,1,3433.39,3433.39
5199,1720,14,3,2929.03,8787.09
5200,1720,41,1,4652.58,4652.58
5201,1720,81,1,1269.56,1269.56
5202,1720,38,2,4365.54,8731.08
5203,1721,27,1,3760.37,3760.37
5204,1721,5,2,1171.33,2342.66
5205,1721,19,1,3538.92,3538.92
5206,1722,87,3,2247.1,6741.3
5207,1722,20,1,3084.74,3084.74
5208,1722,6,1,2850.1,2850.1
5209,1722,81,1,1269.56,1269.56
5210,1723,76,3,435.75,1307.25
5211,1724,90,1,4700.76,4700.76
5212,1725,52,2,135.24,270.48
5213,1726,51,2,2982.71,5965.42
5214,1726,59,2,3399.49,6798.98
5215,1726,29,2,2596.68,5193.36
5216,1727,12,3,3675.69,11027.07
5217,1727,29,2,2596.68,5193.36
5218,1727,50,2,1314.74,2629.48
5219,1728,57,2,1033.01,2066.02
5220,1728,81,3,1269.56,3808.68
5221,1728,31,1,3981.19,3981.19
5222,1728,72,2,858.5,1717.0
5223,1729,87,2,2247.1,4494.2
5224,1730,21,1,900.67,900.67
5225,1730,60,3,397.0,1191.0
5226,1731,16,3,4291.06,12873.18
5227,1731,69,1,1956.97,1956.97
5228,1731,1,2,3233.19,6466.38
5229,1732,54,3,447.2,1341.6
5230,1732,30,2,4319.4,8638.8
5231,1732,9,3,1767.23,5301.69
5232,1732,48,1,3593.45,3593.45
5233,1733,1,1,3233.19,3233.19
5234,1733,5,3,1171.33,3513.99
5235,1733,26,2,800.07,1600.14
5236,1734,19,3,3538.92,10616.76
5237,1734,46,2,1398.78,2797.56
5238,1734,50,1,1314.74,1314.74
5239,1735,54,1,447.2,447.2
5240,1735,68,2,4336.79,8673.58
5241,1735,52,2,135.24,270.48
5242,1735,39,2,848.91,1697.82
5243,1735,75,3,378.71,1136.13
5244,1736,26,2,800.07,1600.14
5245,1736,42,3,1273.32,3819.96
5246,1736,43,1,519.7,519.7
5247,1736,63,3,1324.05,3972.15
5248,1737,72,3,858.5,2575.5
5249,1737,35,3,3866.13,11598.39
5250,1737,45,1,729.12,729.12
5251,1737,37,1,4862.25,4862.25
5252,1737,33,2,2692.66,5385.32
5253,1738,78,2,2936.7,5873.4
5254,1738,19,1,3538.92,3538.92
5255,1738,10,2,600.83,1201.66
5256,1738,61,1,1318.42,1318.42
5257,1738,91,2,4459.59,8919.18
5258,1739,74,1,380.11,380.11
5259,1739,28,1,1873.78,1873.78
5260,1740,68,2,4336.79,8673.58
5261,1741,28,2,1873.78,3747.56
5262,1741,54,2,447.2,894.4
5263,1741,27,1,3760.37,3760.37
5264,1742,1,3,3233.19,9699.57
5265,1743,94,1,2576.5,2576.5
5266,1743,3,3,3415.83,10247.49
5267,1743,61,2,1318.42,2636.84
5268,1743,28,1,1873.78,1873.78
5269,1744,13,1,486.12,486.12
5270,1744,78,3,2936.7,8810.1
5271,1744,62,2,786.89,1573.78
5272,1744,94,2,2576.5,5153.0
5273,1744,75,3,378.71,1136.13
5274,1745,16,2,4291.06,8582.12
5275,1745,25,1,1141.87,1141.87
5276,1745,30,1,4319.4,4319.4
5277,1745,77,2,2078.5,4157.0
5278,1745,94,1,2576.5,2576.5
5279,1746,78,2,2936.7,5873.4
5280,1747,24,3,2065.71,6197.13
5281,1748,84,2,458.98,917.96
5282,1748,33,3,2692.66,8077.98
5283,1748,68,3,4336.79,13010.37
5284,1749,53,3,1221.81,3665.43
5285,1749,2,1,1299.97,1299.97
5286,1749,100,2,2773.39,5546.78
5287,1749,9,2,1767.23,3534.46
5288,1749,26,2,800.07,1600.14
5289,1750,90,3,4700.76,14102.28
5290,1750,67,3,914.92,2744.76
5291,1751,17,2,1462.07,2924.14
5292,1752,69,2,1956.97,3913.94
5293,1752,7,1,1180.16,1180.16
5294,1752,65,2,347.88,695.76
5295,1752,60,1,397.0,397.0
5296,1753,55,3,1149.76,3449.28
5297,1753,64,2,4059.31,8118.62
5298,1754,11,3,4252.72,12758.16
5299,1755,100,2,2773.39,5546.78
5300,1756,56,2,1290.69,2581.38
5301,1756,93,2,1097.63,2195.26
5302,1757,15,2,3340.19,6680.38
5303,1758,93,3,1097.63,3292.89
5304,1758,32,1,1985.36,1985.36
5305,1759,37,2,4862.25,9724.5
5306,1759,94,3,2576.5,7729.5
5307,1760,5,1,1171.33,1171.33
5308,1760,35,3,3866.13,11598.39
5309,1761,57,2,1033.01,2066.02
5310,1761,93,2,1097.63,2195.26
5311,1761,91,2,4459.59,8919.18
5312,1761,98,1,2803.23,2803.23
5313,1762,7,3,1180.16,3540.48
5314,1762,78,1,2936.7,2936.7
5315,1762,37,3,4862.25,14586.75
5316,1763,52,2,135.24,270.48
5317,1763,100,3,2773.39,8320.17
5318,1764,26,2,800.07,1600.14
5319,1764,17,3,1462.07,4386.21
5320,1764,40,1,3034.83,3034.83
5321,1765,88,2,3097.22,6194.44
5322,1765,54,1,447.2,447.2
5323,1765,80,1,4680.06,4680.06
5324,1765,56,1,1290.69,1290.69
5325,1766,90,2,4700.76,9401.52
5326,1767,37,2,4862.25,9724.5
5327,1767,20,2,3084.74,6169.48
5328,1768,64,1,4059.31,4059.31
5329,1769,78,1,2936.7,2936.7
5330,1769,8,1,3818.16,3818.16
5331,1770,76,2,435.75,871.5
5332,1770,48,1,3593.45,3593.45
5333,1770,13,3,486.12,1458.36
5334,1770,37,3,4862.25,14586.75
5335,1770,19,2,3538.92,7077.84
5336,1771,40,2,3034.83,6069.66
5337,1771,5,2,1171.33,2342.66
5338,1772,7,3,1180.16,3540.48
5339,1772,69,3,1956.97,5870.91
5340,1773,51,2,2982.71,5965.42
5341,1774,95,2,552.26,1104.52
5342,1774,96,1,316.03,316.03
5343,1774,30,1,4319.4,4319.4
5344,1774,50,1,1314.74,1314.74
5345,1775,89,1,3372.53,3372.53
5346,1775,1,1,3233.19,3233.19
5347,1775,71,3,2172.74,6518.22
5348,1775,32,3,1985.36,5956.08
5349,1775,82,3,2340.4,7021.2
5350,1776,18,3,897.01,2691.03
5351,1777,20,2,3084.74,6169.48
5352,1777,80,3,4680.06,14040.18
5353,1777,42,1,1273.32,1273.32
5354,1777,60,1,397.0,397.0
5355,1778,86,1,4408.42,4408.42
5356,1778,22,2,3454.61,6909.22
5357,1778,20,3,3084.74,9254.22
5358,1778,61,1,1318.42,1318.42
5359,1778,82,2,2340.4,4680.8
5360,1779,88,2,3097.22,6194.44
5361,1779,68,1,4336.79,4336.79
5362,1779,99,3,648.18,1944.54
5363,1779,15,3,3340.19,10020.57
5364,1779,71,3,2172.74,6518.22
5365,1780,72,1,858.5,858.5
5366,1781,85,3,749.04,2247.12
5367,1781,3,3,3415.83,10247.49
5368,1782,50,2,1314.74,2629.48
5369,1782,22,1,3454.61,3454.61
5370,1782,12,1,3675.69,3675.69
5371,1782,46,1,1398.78,1398.78
5372,1783,5,1,1171.33,1171.33
5373,1783,75,3,378.71,1136.13
5374,1784,92,1,1434.51,1434.51
5375,1785,87,3,2247.1,6741.3
5376,1785,4,1,2993.41,2993.41
5377,1785,57,2,1033.01,2066.02
5378,1786,42,1,1273.32,1273.32
5379,1786,44,3,4892.12,14676.36
5380,1786,1,2,3233.19,6466.38
5381,1787,71,3,2172.74,6518.22
5382,1787,10,2,600.83,1201.66
5383,1788,33,3,2692.66,8077.98
5384,1788,54,3,447.2,1341.6
5385,1788,96,3,316.03,948.09
5386,1789,35,1,3866.13,3866.13
5387,1790,82,1,2340.4,2340.4
5388,1790,86,1,4408.42,4408.42
5389,1790,73,3,2937.98,8813.94
5390,1791,34,2,3433.39,6866.78
5391,1791,63,1,1324.05,1324.05
5392,1791,62,3,786.89,2360.67
5393,1792,70,2,4639.94,9279.88
5394,1792,51,2,2982.71,5965.42
5395,1792,57,2,1033.01,2066.02
5396,1792,39,3,848.91,2546.73
5397,1792,49,1,2246.69,2246.69
5398,1793,36,3,2230.35,6691.05
5399,1793,82,2,2340.4,4680.8
5400,1793,99,3,648.18,1944.54
5401,1794,96,3,316.03,948.09
5402,1795,15,3,3340.19,10020.57
5403,1795,3,2,3415.83,6831.66
5404,1796,82,3,2340.4,7021.2
5405,1796,10,1,600.83,600.83
5406,1796,77,2,2078.5,4157.0
5407,1796,19,1,3538.92,3538.92
5408,1796,53,2,1221.81,2443.62
5409,1797,91,1,4459.59,4459.59
5410,1797,63,1,1324.05,1324.05
5411,1797,9,2,1767.23,3534.46
5412,1797,84,1,458.98,458.98
5413,1797,44,3,4892.12,14676.36
5414,1798,61,1,1318.42,1318.42
5415,1798,31,2,3981.19,7962.38
5416,1798,41,3,4652.58,13957.74
5417,1798,84,1,458.98,458.98
5418,1799,91,1,4459.59,4459.59
5419,1799,73,1,2937.98,2937.98
5420,1799,57,2,1033.01,2066.02
5421,1800,54,2,447.2,894.4
5422,1800,30,1,4319.4,4319.4
5423,1801,43,3,519.7,1559.1
5424,1801,2,2,1299.97,2599.94
5425,1801,64,1,4059.31,4059.31
5426,1802,98,2,2803.23,5606.46
5427,1802,42,3,1273.32,3819.96
5428,1802,34,2,3433.39,6866.78
5429,1802,31,3,3981.19,11943.57
5430,1802,28,1,1873.78,1873.78
5431,1803,95,1,552.26,552.26
5432,1803,55,2,1149.76,2299.52
5433,1803,11,3,4252.72,12758.16
5434,1803,26,3,800.07,2400.21
5435,1804,82,2,2340.4,4680.8
5436,1804,75,3,378.71,1136.13
5437,1804,51,1,2982.71,2982.71
5438,1804,47,2,4825.38,9650.76
5439,1805,78,3,2936.7,8810.1
5440,1805,37,1,4862.25,4862.25
5441,1806,69,1,1956.97,1956.97
5442,1806,83,3,145.65,436.95
5443,1806,100,3,2773.39,8320.17
5444,1807,93,3,1097.63,3292.89
5445,1807,12,3,3675.69,11027.07
5446,1808,8,2,3818.16,7636.32
5447,1808,92,2,1434.51,2869.02
5448,1809,74,2,380.11,760.22
5449,1809,65,3,347.88,1043.64
5450,1809,24,3,2065.71,6197.13
5451,1810,27,2,3760.37,7520.74
5452,1811,19,3,3538.92,10616.76
5453,1812,1,1,3233.19,3233.19
5454,1812,46,1,1398.78,1398.78
5455,1813,87,3,2247.1,6741.3
5456,1813,72,2,858.5,1717.0
5457,1813,32,1,1985.36,1985.36
5458,1814,47,2,4825.38,9650.76
5459,1814,23,2,1222.34,2444.68
5460,1815,46,3,1398.78,4196.34
5461,1815,66,1,4848.08,4848.08
5462,1815,9,2,1767.23,3534.46
5463,1815,22,1,3454.61,3454.61
5464,1815,10,3,600.83,1802.49
5465,1816,10,3,600.83,1802.49
5466,1817,94,1,2576.5,2576.5
5467,1817,4,3,2993.41,8980.23
5468,1817,20,3,3084.74,9254.22
5469,1818,95,3,552.26,1656.78
5470,1819,91,1,4459.59,4459.59
5471,1819,68,1,4336.79,4336.79
5472,1819,8,1,3818.16,3818.16
5473,1819,72,2,858.5,1717.0
5474,1819,48,1,3593.45,3593.45
5475,1820,48,2,3593.45,7186.9
5476,1821,28,1,1873.78,1873.78
5477,1821,64,2,4059.31,8118.62
5478,1821,57,3,1033.01,3099.03
5479,1822,98,2,2803.23,5606.46
5480,1823,68,1,4336.79,4336.79
5481,1823,51,1,2982.71,2982.71
5482,1823,67,3,914.92,2744.76
5483,1824,96,2,316.03,632.06
5484,1824,6,3,2850.1,8550.3
5485,1825,56,2,1290.69,2581.38
5486,1826,59,2,3399.49,6798.98
5487,1827,23,2,1222.34,2444.68
5488,1827,81,2,1269.56,2539.12
5489,1827,43,1,519.7,519.7
5490,1828,37,2,4862.25,9724.5
5491,1828,56,2,1290.69,2581.38
5492,1829,60,1,397.0,397.0
5493,1829,12,1,3675.69,3675.69
5494,1829,56,3,1290.69,3872.07
5495,1829,15,3,3340.19,10020.57
5496,1830,43,1,519.7,519.7
5497,1830,56,1,1290.69,1290.69
5498,1830,31,3,3981.19,11943.57
5499,1830,89,2,3372.53,6745.06
5500,1831,44,2,4892.12,9784.24
5501,1831,73,2,2937.98,5875.96
5502,1831,32,2,1985.36,3970.72
5503,1832,69,1,1956.97,1956.97
5504,1832,75,2,378.71,757.42
5505,1832,5,3,1171.33,3513.99
5506,1833,37,3,4862.25,14586.75
5507,1833,58,2,1836.06,3672.12
5508,1833,9,1,1767.23,1767.23
5509,1834,31,1,3981.19,3981.19
5510,1834,25,1,1141.87,1141.87
5511,1835,31,2,3981.19,7962.38
5512,1835,88,3,3097.22,9291.66
5513,1835,67,2,914.92,1829.84
5514,1835,41,1,4652.58,4652.58
5515,1836,7,3,1180.16,3540.48
5516,1836,59,2,3399.49,6798.98
5517,1836,29,1,2596.68,2596.68
5518,1836,40,2,3034.83,6069.66
5519,1837,67,2,914.92,1829.84
5520,1837,40,2,3034.83,6069.66
5521,1838,9,1,1767.23,1767.23
5522,1838,82,1,2340.4,2340.4
5523,1838,71,1,2172.74,2172.74
5524,1838,33,1,2692.66,2692.66
5525,1839,78,1,2936.7,2936.7
5526,1839,59,3,3399.49,10198.47
5527,1839,66,1,4848.08,4848.08
5528,1839,14,1,2929.03,2929.03
5529,1839,5,3,1171.33,3513.99
5530,1840,50,3,1314.74,3944.22
5531,1840,13,1,486.12,486.12
5532,1840,32,2,1985.36,3970.72
5533,1840,42,2,1273.32,2546.64
5534,1840,90,2,4700.76,9401.52
5535,1841,3,1,3415.83,3415.83
5536,1841,4,3,2993.41,8980.23
5537,1841,96,1,316.03,316.03
5538,1841,17,3,1462.07,4386.21
5539,1842,96,1,316.03,316.03
5540,1842,88,2,3097.22,6194.44
5541,1842,22,3,3454.61,10363.83
5542,1843,99,1,648.18,648.18
5543,1843,9,2,1767.23,3534.46
5544,1843,1,3,3233.19,9699.57
5545,1843,72,1,858.5,858.5
5546,1844,7,1,1180.16,1180.16
5547,1844,83,1,145.65,145.65
5548,1844,1,3,3233.19,9699.57
5549,1844,9,3,1767.23,5301.69
5550,1844,48,3,3593.45,10780.35
5551,1845,54,2,447.2,894.4
5552,1845,39,1,848.91,848.91
5553,1846,19,2,3538.92,7077.84
5554,1846,48,1,3593.45,3593.45
5555,1847,54,2,447.2,894.4
5556,1848,15,1,3340.19,3340.19
5557,1848,38,2,4365.54,8731.08
5558,1849,81,2,1269.56,2539.12
5559,1849,68,3,4336.79,13010.37
5560,1849,71,1,2172.74,2172.74
5561,1849,48,2,3593.45,7186.9
5562,1849,97,1,3221.86,3221.86
5563,1850,1,3,3233.19,9699.57
5564,1850,79,2,2154.2,4308.4
5565,1850,4,1,2993.41,2993.41
5566,1851,42,1,1273.32,1273.32
5567,1851,24,1,2065.71,2065.71
5568,1852,10,1,600.83,600.83
5569,1852,15,2,3340.19,6680.38
5570,1852,49,2,2246.69,4493.38
5571,1853,37,2,4862.25,9724.5
5572,1854,4,2,2993.41,5986.82
5573,1854,85,2,749.04,1498.08
5574,1854,1,2,3233.19,6466.38
5575,1854,57,1,1033.01,1033.01
5576,1855,32,1,1985.36,1985.36
5577,1855,57,2,1033.01,2066.02
5578,1855,84,2,458.98,917.96
5579,1855,25,3,1141.87,3425.61
5580,1855,4,2,2993.41,5986.82
5581,1856,88,1,3097.22,3097.22
5582,1856,1,3,3233.19,9699.57
5583,1856,23,2,1222.34,2444.68
5584,1857,16,1,4291.06,4291.06
5585,1858,35,1,3866.13,3866.13
5586,1858,69,1,1956.97,1956.97
5587,1858,67,3,914.92,2744.76
5588,1858,88,3,3097.22,9291.66
5589,1858,89,1,3372.53,3372.53
5590,1859,85,1,749.04,749.04
5591,1860,20,3,3084.74,9254.22
5592,1860,45,2,729.12,1458.24
5593,1860,1,1,3233.19,3233.19
5594,1861,52,1,135.24,135.24
5595,1862,48,3,3593.45,10780.35
5596,1862,87,2,2247.1,4494.2
5597,1862,7,2,1180.16,2360.32
5598,1863,44,2,4892.12,9784.24
5599,1864,25,3,1141.87,3425.61
5600,1864,22,1,3454.61,3454.61
5601,1864,88,1,3097.22,3097.22
5602,1864,93,3,1097.63,3292.89
5603,1864,45,2,729.12,1458.24
5604,1865,43,1,519.7,519.7
5605,1865,27,3,3760.37,11281.11
5606,1865,67,1,914.92,914.92
5607,1866,51,2,2982.71,5965.42
5608,1866,56,3,1290.69,3872.07
5609,1866,40,3,3034.83,9104.49
5610,1866,6,3,2850.1,8550.3
5611,1867,94,2,2576.5,5153.0
5612,1867,24,3,2065.71,6197.13
5613,1867,25,2,1141.87,2283.74
5614,1867,37,2,4862.25,9724.5
5615,1867,11,3,4252.72,12758.16
5616,1868,85,1,749.04,749.04
5617,1869,23,3,1222.34,3667.02
5618,1870,25,2,1141.87,2283.74
5619,1870,97,2,3221.86,6443.72
5620,1870,67,1,914.92,914.92
5621,1870,46,2,1398.78,2797.56
5622,1870,76,3,435.75,1307.25
5623,1871,94,1,2576.5,2576.5
5624,1871,77,1,2078.5,2078.5
5625,1872,91,3,4459.59,13378.77
5626,1873,36,1,2230.35,2230.35
5627,1873,38,2,4365.54,8731.08
5628,1873,11,1,4252.72,4252.72
5629,1874,67,3,914.92,2744.76
5630,1874,52,1,135.24,135.24
5631,1875,44,2,4892.12,9784.24
5632,1875,62,2,786.89,1573.78
5633,1875,19,1,3538.92,3538.92
5634,1875,13,3,486.12,1458.36
5635,1875,70,3,4639.94,13919.82
5636,1876,47,3,4825.38,14476.14
5637,1876,72,2,858.5,1717.0
5638,1876,100,2,2773.39,5546.78
5639,1876,55,1,1149.76,1149.76
5640,1877,29,1,2596.68,2596.68
5641,1877,92,3,1434.51,4303.53
5642,1877,42,2,1273.32,2546.64
5643,1878,94,3,2576.5,7729.5
5644,1879,91,1,4459.59,4459.59
5645,1879,58,3,1836.06,5508.18
5646,1879,74,3,380.11,1140.33
5647,1879,88,3,3097.22,9291.66
5648,1879,22,2,3454.61,6909.22
5649,1880,10,3,600.83,1802.49
5650,1880,88,1,3097.22,3097.22
5651,1880,51,2,2982.71,5965.42
5652,1880,99,1,648.18,648.18
5653,1880,59,2,3399.49,6798.98
5654,1881,41,1,4652.58,4652.58
5655,1881,38,2,4365.54,8731.08
5656,1881,27,1,3760.37,3760.37
5657,1881,32,3,1985.36,5956.08
5658,1882,65,1,347.88,347.88
5659,1882,85,2,749.04,1498.08
5660,1882,78,1,2936.7,2936.7
5661,1882,12,2,3675.69,7351.38
5662,1883,40,1,3034.83,3034.83
5663,1883,97,3,3221.86,9665.58
5664,1884,79,3,2154.2,6462.6
5665,1884,5,2,1171.33,2342.66
5666,1885,39,2,848.91,1697.82
5667,1885,97,3,3221.86,9665.58
5668,1886,33,1,2692.66,2692.66
5669,1886,8,2,3818.16,7636.32
5670,1887,3,1,3415.83,3415.83
5671,1887,67,3,914.92,2744.76
5672,1887,78,3,2936.7,8810.1
5673,1887,13,1,486.12,486.12
5674,1888,4,2,2993.41,5986.82
5675,1888,2,1,1299.97,1299.97
5676,1888,93,1,1097.63,1097.63
5677,1888,24,1,2065.71,2065.71
5678,1889,46,1,1398.78,1398.78
5679,1889,54,1,447.2,447.2
5680,1890,90,1,4700.76,4700.76
5681,1890,65,1,347.88,347.88
5682,1890,24,1,2065.71,2065.71
5683,1890,33,3,2692.66,8077.98
5684,1890,69,3,1956.97,5870.91
5685,1891,86,1,4408.42,4408.42
5686,1892,96,2,316.03,632.06
5687,1892,47,1,4825.38,4825.38
5688,1892,59,2,3399.49,6798.98
5689,1892,57,2,1033.01,2066.02
5690,1892,20,2,3084.74,6169.48
5691,1893,86,3,4408.42,13225.26
5692,1893,98,2,2803.23,5606.46
5693,1893,33,3,2692.66,8077.98
5694,1893,36,3,2230.35,6691.05
5695,1893,53,1,1221.81,1221.81
5696,1894,91,3,4459.59,13378.77
5697,1895,63,1,1324.05,1324.05
5698,1895,41,1,4652.58,4652.58
5699,1895,38,1,4365.54,4365.54
5700,1895,21,1,900.67,900.67
5701,1896,79,2,2154.2,4308.4
5702,1896,81,3,1269.56,3808.68
5703,1897,8,3,3818.16,11454.48
5704,1897,52,3,135.24,405.72
5705,1897,16,1,4291.06,4291.06
5706,1897,28,2,1873.78,3747.56
5707,1898,99,1,648.18,648.18
5708,1898,27,2,3760.37,7520.74
5709,1899,70,1,4639.94,4639.94
5710,1899,2,2,1299.97,2599.94
5711,1899,41,1,4652.58,4652.58
5712,1900,98,2,2803.23,5606.46
5713,1900,73,3,2937.98,8813.94
5714,1901,11,1,4252.72,4252.72
5715,1901,98,3,2803.23,8409.69
5716,1901,49,3,2246.69,6740.07
5717,1901,67,2,914.92,1829.84
5718,1902,15,1,3340.19,3340.19
5719,1902,83,2,145.65,291.3
5720,1902,77,2,2078.5,4157.0
5721,1903,75,3,378.71,1136.13
5722,1903,13,1,486.12,486.12
5723,1903,17,1,1462.07,1462.07
5724,1904,57,2,1033.01,2066.02
5725,1904,59,1,3399.49,3399.49
5726,1905,76,1,435.75,435.75
5727,1905,4,1,2993.41,2993.41
5728,1905,39,3,848.91,2546.73
5729,1905,27,2,3760.37,7520.74
5730,1906,69,1,1956.97,1956.97
5731,1906,16,1,4291.06,4291.06
5732,1906,40,2,3034.83,6069.66
5733,1907,41,2,4652.58,9305.16
5734,1907,32,3,1985.36,5956.08
5735,1907,90,2,4700.76,9401.52
5736,1907,58,3,1836.06,5508.18
5737,1908,34,2,3433.39,6866.78
5738,1908,94,2,2576.5,5153.0
5739,1909,24,2,2065.71,4131.42
5740,1909,15,3,3340.19,10020.57
5741,1909,23,3,1222.34,3667.02
5742,1909,42,1,1273.32,1273.32
5743,1909,44,2,4892.12,9784.24
5744,1910,10,3,600.83,1802.49
5745,1910,19,3,3538.92,10616.76
5746,1910,31,3,3981.19,11943.57
5747,1910,35,3,3866.13,11598.39
5748,1911,64,2,4059.31,8118.62
5749,1911,97,1,3221.86,3221.86
5750,1912,78,2,2936.7,5873.4
5751,1913,12,1,3675.69,3675.69
5752,1913,86,1,4408.42,4408.42
5753,1914,92,2,1434.51,2869.02
5754,1914,31,2,3981.19,7962.38
5755,1915,36,2,2230.35,4460.7
5756,1915,9,1,1767.23,1767.23
5757,1915,90,1,4700.76,4700.76
5758,1915,15,1,3340.19,3340.19
5759,1915,26,1,800.07,800.07
5760,1916,80,2,4680.06,9360.12
5761,1916,28,3,1873.78,5621.34
5762,1917,36,2,2230.35,4460.7
5763,1917,95,1,552.26,552.26
5764,1917,58,3,1836.06,5508.18
5765,1917,33,1,2692.66,2692.66
5766,1918,23,3,1222.34,3667.02
5767,1918,21,1,900.67,900.67
5768,1918,50,1,1314.74,1314.74
5769,1918,41,1,4652.58,4652.58
5770,1919,54,1,447.2,447.2
5771,1919,63,1,1324.05,1324.05
5772,1920,54,1,447.2,447.2
5773,1920,63,1,1324.05,1324.05
5774,1920,7,2,1180.16,2360.32
5775,1920,65,3,347.88,1043.64
5776,1921,58,2,1836.06,3672.12
5777,1921,7,2,1180.16,2360.32
5778,1921,78,3,2936.7,8810.1
5779,1922,58,2,1836.06,3672.12
5780,1923,21,3,900.67,2702.01
5781,1924,88,2,3097.22,6194.44
5782,1925,41,3,4652.58,13957.74
5783,1925,92,3,1434.51,4303.53
5784,1925,80,2,4680.06,9360.12
5785,1925,19,3,3538.92,10616.76
5786,1926,15,2,3340.19,6680.38
5787,1926,59,1,3399.49,3399.49
5788,1927,4,2,2993.41,5986.82
5789,1927,64,1,4059.31,4059.31
5790,1927,22,3,3454.61,10363.83
5791,1927,16,1,4291.06,4291.06
5792,1927,34,2,3433.39,6866.78
5793,1928,68,1,4336.79,4336.79
5794,1928,22,3,3454.61,10363.83
5795,1928,53,3,1221.81,3665.43
5796,1928,92,3,1434.51,4303.53
5797,1929,98,2,2803.23,5606.46
5798,1929,62,2,786.89,1573.78
5799,1929,35,3,3866.13,11598.39
5800,1929,53,3,1221.81,3665.43
5801,1930,43,1,519.7,519.7
5802,1930,97,2,3221.86,6443.72
5803,1931,4,1,2993.41,2993.41
5804,1931,20,1,3084.74,3084.74
5805,1931,34,1,3433.39,3433.39
5806,1932,12,1,3675.69,3675.69
5807,1932,69,1,1956.97,1956.97
5808,1932,84,2,458.98,917.96
5809,1933,30,1,4319.4,4319.4
5810,1934,45,1,729.12,729.12
5811,1934,61,3,1318.42,3955.26
5812,1934,97,1,3221.86,3221.86
5813,1935,70,2,4639.94,9279.88
5814,1935,49,1,2246.69,2246.69
5815,1936,87,2,2247.1,4494.2
5816,1936,58,1,1836.06,1836.06
5817,1936,23,1,1222.34,1222.34
5818,1936,12,2,3675.69,7351.38
5819,1936,77,1,2078.5,2078.5
5820,1937,30,2,4319.4,8638.8
5821,1937,16,2,4291.06,8582.12
5822,1937,3,3,3415.83,10247.49
5823,1938,82,3,2340.4,7021.2
5824,1938,65,2,347.88,695.76
5825,1938,16,1,4291.06,4291.06
5826,1938,48,3,3593.45,10780.35
5827,1939,59,3,3399.49,10198.47
5828,1939,98,3,2803.23,8409.69
5829,1939,20,1,3084.74,3084.74
5830,1939,38,3,4365.54,13096.62
5831,1940,72,2,858.5,1717.0
5832,1940,49,3,2246.69,6740.07
5833,1940,81,1,1269.56,1269.56
5834,1940,90,2,4700.76,9401.52
5835,1941,90,1,4700.76,4700.76
5836,1941,33,3,2692.66,8077.98
5837,1941,67,1,914.92,914.92
5838,1941,28,3,1873.78,5621.34
5839,1942,80,3,4680.06,14040.18
5840,1942,3,1,3415.83,3415.83
5841,1943,91,3,4459.59,13378.77
5842,1943,62,3,786.89,2360.67
5843,1943,77,2,2078.5,4157.0
5844,1943,84,2,458.98,917.96
5845,1943,75,1,378.71,378.71
5846,1944,40,2,3034.83,6069.66
5847,1944,39,1,848.91,848.91
5848,1944,66,3,4848.08,14544.24
5849,1944,22,3,3454.61,10363.83
5850,1944,35,2,3866.13,7732.26
5851,1945,1,3,3233.19,9699.57
5852,1945,65,1,347.88,347.88
5853,1945,88,1,3097.22,3097.22
5854,1945,47,3,4825.38,14476.14
5855,1945,84,3,458.98,1376.94
5856,1946,62,1,786.89,786.89
5857,1947,39,2,848.91,1697.82
5858,1948,11,2,4252.72,8505.44
5859,1948,84,1,458.98,458.98
5860,1949,22,2,3454.61,6909.22
5861,1949,58,1,1836.06,1836.06
5862,1949,47,1,4825.38,4825.38
5863,1950,46,2,1398.78,2797.56
5864,1950,49,2,2246.69,4493.38
5865,1950,75,2,378.71,757.42
5866,1950,94,2,2576.5,5153.0
5867,1951,31,3,3981.19,11943.57
5868,1952,90,2,4700.76,9401.52
5869,1952,6,2,2850.1,5700.2
5870,1952,17,3,1462.07,4386.21
5871,1953,56,3,1290.69,3872.07
5872,1953,99,3,648.18,1944.54
5873,1953,38,2,4365.54,8731.08
5874,1954,98,3,2803.23,8409.69
5875,1954,44,2,4892.12,9784.24
5876,1954,52,2,135.24,270.48
5877,1954,72,3,858.5,2575.5
5878,1955,35,3,3866.13,11598.39
5879,1956,8,1,3818.16,3818.16
5880,1956,68,1,4336.79,4336.79
5881,1956,29,1,2596.68,2596.68
5882,1956,93,2,1097.63,2195.26
5883,1956,78,2,2936.7,5873.4
5884,1957,59,1,3399.49,3399.49
5885,1958,50,2,1314.74,2629.48
5886,1959,67,2,914.92,1829.84
5887,1959,8,1,3818.16,3818.16
5888,1959,76,1,435.75,435.75
5889,1959,71,1,2172.74,2172.74
5890,1959,80,3,4680.06,14040.18
5891,1960,100,2,2773.39,5546.78
5892,1960,4,1,2993.41,2993.41
5893,1960,95,2,552.26,1104.52
5894,1960,96,2,316.03,632.06
5895,1961,94,2,2576.5,5153.0
5896,1961,34,1,3433.39,3433.39
5897,1961,54,3,447.2,1341.6
5898,1961,61,3,1318.42,3955.26
5899,1961,75,2,378.71,757.42
5900,1962,8,3,3818.16,11454.48
5901,1963,6,3,2850.1,8550.3
5902,1963,24,1,2065.71,2065.71
5903,1964,41,2,4652.58,9305.16
5904,1964,80,1,4680.06,4680.06
5905,1964,40,2,3034.83,6069.66
5906,1964,99,2,648.18,1296.36
5907,1964,28,2,1873.78,3747.56
5908,1965,1,3,3233.19,9699.57
5909,1966,62,1,786.89,786.89
5910,1966,45,1,729.12,729.12
5911,1967,71,2,2172.74,4345.48
5912,1968,59,3,3399.49,10198.47
5913,1968,76,1,435.75,435.75
5914,1968,72,3,858.5,2575.5
5915,1968,16,2,4291.06,8582.12
5916,1969,58,2,1836.06,3672.12
5917,1970,23,1,1222.34,1222.34
5918,1970,97,1,3221.86,3221.86
5919,1970,91,2,4459.59,8919.18
5920,1971,75,3,378.71,1136.13
5921,1971,41,1,4652.58,4652.58
5922,1971,39,3,848.91,2546.73
5923,1971,2,2,1299.97,2599.94
5924,1971,10,2,600.83,1201.66
5925,1972,17,3,1462.07,4386.21
5926,1973,26,3,800.07,2400.21
5927,1973,9,1,1767.23,1767.23
5928,1973,72,2,858.5,1717.0
5929,1973,55,3,1149.76,3449.28
5930,1973,40,3,3034.83,9104.49
5931,1974,46,1,1398.78,1398.78
5932,1974,91,2,4459.59,8919.18
5933,1974,37,2,4862.25,9724.5
5934,1974,66,1,4848.08,4848.08
5935,1975,73,3,2937.98,8813.94
5936,1975,44,1,4892.12,4892.12
5937,1975,49,2,2246.69,4493.38
5938,1975,80,1,4680.06,4680.06
5939,1975,40,3,3034.83,9104.49
5940,1976,65,1,347.88,347.88
5941,1976,71,1,2172.74,2172.74
5942,1976,4,1,2993.41,2993.41
5943,1976,72,3,858.5,2575.5
5944,1976,63,1,1324.05,1324.05
5945,1977,81,3,1269.56,3808.68
5946,1977,18,2,897.01,1794.02
5947,1978,46,3,1398.78,4196.34
5948,1978,4,3,2993.41,8980.23
5949,1979,27,1,3760.37,3760.37
5950,1979,30,2,4319.4,8638.8
5951,1979,45,2,729.12,1458.24
5952,1980,96,3,316.03,948.09
5953,1981,23,2,1222.34,2444.68
5954,1981,70,2,4639.94,9279.88
5955,1981,48,2,3593.45,7186.9
5956,1981,74,2,380.11,760.22
5957,1982,45,1,729.12,729.12
5958,1982,70,1,4639.94,4639.94
5959,1982,62,2,786.89,1573.78
5960,1983,96,3,316.03,948.09
5961,1983,17,1,1462.07,1462.07
5962,1983,11,3,4252.72,12758.16
5963,1983,80,2,4680.06,9360.12
5964,1983,29,2,2596.68,5193.36
5965,1984,39,3,848.91,2546.73
5966,1984,10,2,600.83,1201.66
5967,1984,20,3,3084.74,9254.22
5968,1984,98,3,2803.23,8409.69
5969,1985,97,1,3221.86,3221.86
5970,1986,45,1,729.12,729.12
5971,1986,36,2,2230.35,4460.7
5972,1986,31,3,3981.19,11943.57
5973,1986,46,3,1398.78,4196.34
5974,1987,14,3,2929.03,8787.09
5975,1987,66,3,4848.08,14544.24
5976,1987,62,1,786.89,786.89
5977,1987,47,3,4825.38,14476.14
5978,1988,92,1,1434.51,1434.51
5979,1988,90,2,4700.76,9401.52
5980,1989,20,2,3084.74,6169.48
5981,1989,25,1,1141.87,1141.87
5982,1990,68,2,4336.79,8673.58
5983,1990,95,3,552.26,1656.78
5984,1990,91,3,4459.59,13378.77
5985,1990,31,3,3981.19,11943.57
5986,1991,68,1,4336.79,4336.79
5987,1991,99,3,648.18,1944.54
5988,1991,46,2,1398.78,2797.56
5989,1992,24,2,2065.71,4131.42
5990,1992,46,2,1398.78,2797.56
5991,1992,65,3,347.88,1043.64
5992,1993,17,1,1462.07,1462.07
5993,1993,62,1,786.89,786.89
5994,1993,70,1,4639.94,4639.94
5995,1993,47,1,4825.38,4825.38
5996,1994,6,3,2850.1,8550.3
5997,1994,61,3,1318.42,3955.26
5998,1994,21,2,900.67,1801.34
5999,1994,36,2,2230.35,4460.7
6000,1994,60,1,397.0,397.0
6001,1995,68,3,4336.79,13010.37
6002,1995,36,2,2230.35,4460.7
6003,1996,19,1,3538.92,3538.92
6004,1996,96,3,316.03,948.09
6005,1996,75,2,378.71,757.42
6006,1996,7,1,1180.16,1180.16
6007,1997,91,2,4459.59,8919.18
6008,1997,36,2,2230.35,4460.7
6009,1998,63,1,1324.05,1324.05
6010,1998,34,3,3433.39,10300.17
6011,1999,46,2,1398.78,2797.56
6012,1999,11,3,4252.72,12758.16
6013,1999,50,2,1314.74,2629.48
6014,1999,56,3,1290.69,3872.07
6015,1999,33,1,2692.66,2692.66
6016,2000,77,1,2078.5,2078.5
